id,displayName,symbol,supplyAPY,borrowAPY,borrowAPR,utilization,loanOriginationFeePercentage,frozen,private,delisting,prime,updatedAt,supply,borrow,liquidity,asset
Ada,ADA,ADA,0.022758320584593202,0.0378653019,0.0378653019,0.010233201437524665,0,false,false,false,false,2026-07-27T07:11:45.202Z,6219766.190793172,63648.120324692,6156118.070468481,"{""id"":"""",""name"":"""",""symbol"":""ADA"",""displayName"":""ADA"",""decimals"":6,""currencySymbol"":"""",""logo"":""https://public.liqwid.finance/v6/assets/ADA.svg"",""priceUpdatedAt"":""2026-07-27T06:14:27.000Z"",""price"":0.16658}"
AGIX,AGIX,AGIX,0,0.03,0.03,0,0,false,false,true,false,2026-07-27T07:11:45.201Z,1020.9073940423856,0,1020.9073940423856,"{""id"":""f43a62fdc3965df486de8a0d32fe800963589c41b38946602a0dc53541474958"",""name"":""41474958"",""symbol"":""AGIX"",""displayName"":""AGIX"",""decimals"":8,""currencySymbol"":""f43a62fdc3965df486de8a0d32fe800963589c41b38946602a0dc535"",""logo"":""https://public.liqwid.finance/v6/assets/AGIX.svg"",""priceUpdatedAt"":""2025-02-26T12:01:29.252Z"",""price"":0.284781}"
BTC,wanBTC,wanBTC,0.0139546112,0.02464626,0.02464626,0.7077448643618721,0,false,false,false,false,2026-07-27T07:11:45.214Z,44975.3680458,31831.0857572,13144.2822886,"{""id"":""25c5de5f5b286073c593edfd77b48abc7a48e5a4f3d4cd9d428ff935425443"",""name"":""425443"",""symbol"":""wanBTC"",""displayName"":""wanBTC"",""decimals"":8,""currencySymbol"":""25c5de5f5b286073c593edfd77b48abc7a48e5a4f3d4cd9d428ff935"",""logo"":""https://public.liqwid.finance/v6/assets/wanBTC.svg"",""priceUpdatedAt"":""2026-07-27T06:14:27.000Z"",""price"":65540}"
COPI,COPI,COPI,0,0,0,3.1790877931681973e-10,0,false,false,true,false,2026-07-27T07:11:45.203Z,1523.6902633573698,4.84394511680865e-7,1523.6902628729752,"{""id"":""b6a7467ea1deb012808ef4e87b5ff371e85f7142d7b356a40d9b42a0436f726e75636f70696173205b76696120436861696e506f72742e696f5d"",""name"":""436f726e75636f70696173205b76696120436861696e506f72742e696f5d"",""symbol"":""COPI"",""displayName"":""COPI"",""decimals"":6,""currencySymbol"":""b6a7467ea1deb012808ef4e87b5ff371e85f7142d7b356a40d9b42a0"",""logo"":""https://public.liqwid.finance/v6/assets/COPI.svg"",""priceUpdatedAt"":""2025-11-18T15:29:43.000Z"",""price"":0.008970268734830833}"
DAI,wanDAI,wanDAI,0.0001591799,0.0511651295,0.0511651295,0.0038888754981902256,0,false,false,false,false,2026-07-27T07:11:45.204Z,2919.273452,11.352691,2907.920761,"{""id"":""25c5de5f5b286073c593edfd77b48abc7a48e5a4f3d4cd9d428ff935444149"",""name"":""444149"",""symbol"":""wanDAI"",""displayName"":""wanDAI"",""decimals"":6,""currencySymbol"":""25c5de5f5b286073c593edfd77b48abc7a48e5a4f3d4cd9d428ff935"",""logo"":""https://public.liqwid.finance/v6/assets/wanDAI.svg"",""priceUpdatedAt"":""2024-12-09T14:01:14.074Z"",""price"":1}"
DJED,DJED,DJED,0.1324034625,0.2451606945,0.2451606945,0.675085084362115,0,false,false,false,false,2026-07-27T07:11:45.206Z,3280145.901110985,2214377.572371555,1065768.32873943,"{""id"":""8db269c3ec630e06ae29f74bc39edd1f87c819f1056206e879a1cd61446a65644d6963726f555344"",""name"":""446a65644d6963726f555344"",""symbol"":""DJED"",""displayName"":""DJED"",""decimals"":6,""currencySymbol"":""8db269c3ec630e06ae29f74bc39edd1f87c819f1056206e879a1cd61"",""logo"":""https://public.liqwid.finance/v6/assets/DJED.svg"",""priceUpdatedAt"":""2026-07-27T06:14:27.000Z"",""price"":0.9942}"
ERG,rsERG,rsERG,0.0008160871,0.0059327251,0.0059327251,0.17194607989479024,0,false,false,false,false,2026-07-27T07:11:45.207Z,10126.681039614035,1741.2431071065325,8385.437932507502,"{""id"":""04b95368393c821f180deee8229fbd941baaf9bd748ebcdbf7adbb147273455247"",""name"":""7273455247"",""symbol"":""rsERG"",""displayName"":""rsERG"",""decimals"":9,""currencySymbol"":""04b95368393c821f180deee8229fbd941baaf9bd748ebcdbf7adbb14"",""logo"":""https://public.liqwid.finance/v6/assets/ERG.svg"",""priceUpdatedAt"":""2026-07-27T06:14:27.000Z"",""price"":0.20957}"
ETH,wanETH,wanETH,0.0089271934,0.0196888871,0.0196888871,0.5667659964332856,0,false,false,false,false,2026-07-27T07:11:45.215Z,5052.738261483,2863.720235486,2189.018025997,"{""id"":""25c5de5f5b286073c593edfd77b48abc7a48e5a4f3d4cd9d428ff935455448"",""name"":""455448"",""symbol"":""wanETH"",""displayName"":""wanETH"",""decimals"":8,""currencySymbol"":""25c5de5f5b286073c593edfd77b48abc7a48e5a4f3d4cd9d428ff935"",""logo"":""https://public.liqwid.finance/v6/assets/wanETH.svg"",""priceUpdatedAt"":""2026-07-27T06:14:27.000Z"",""price"":1967.9}"
EURC,wanEURC,wanEURC,0,0.05,0.05,0,0,false,false,false,false,2026-07-27T07:11:45.217Z,133.890605065,0,133.890605065,"{""id"":""25c5de5f5b286073c593edfd77b48abc7a48e5a4f3d4cd9d428ff93545555243"",""name"":""45555243"",""symbol"":""wanEURC"",""displayName"":""wanEURC"",""decimals"":6,""currencySymbol"":""25c5de5f5b286073c593edfd77b48abc7a48e5a4f3d4cd9d428ff935"",""logo"":""https://public.liqwid.finance/v6/assets/wanEURC.svg"",""priceUpdatedAt"":""2026-07-27T06:14:27.000Z"",""price"":1.141}"
IAG,IAG,IAG,0.000388237,0.0040901122,0.0040901122,0.11865108179417488,0,false,false,false,false,2026-07-27T07:11:45.207Z,35403.33275181109,4200.643730121528,31202.68902168956,"{""id"":""5d16cc1a177b5d9ba9cfa9793b07e60f1fb70fea1f8aef064415d114494147"",""name"":""494147"",""symbol"":""IAG"",""displayName"":""IAG"",""decimals"":6,""currencySymbol"":""5d16cc1a177b5d9ba9cfa9793b07e60f1fb70fea1f8aef064415d114"",""logo"":""https://public.liqwid.finance/v6/assets/IAG.svg"",""priceUpdatedAt"":""2026-07-27T06:14:27.000Z"",""price"":0.022184}"
IUSD,iUSD,iUSD,0.0374777535,0.1367743752,0.1367743752,0.3425143911365948,0,false,false,false,false,2026-07-27T07:11:45.208Z,314038.47690138646,107562.69770934198,206475.77919204446,"{""id"":""f66d78b4a3cb3d37afa0ec36461e51ecbde00f26c8f0a68f94b6988069555344"",""name"":""69555344"",""symbol"":""iUSD"",""displayName"":""iUSD"",""decimals"":6,""currencySymbol"":""f66d78b4a3cb3d37afa0ec36461e51ecbde00f26c8f0a68f94b69880"",""logo"":""https://public.liqwid.finance/v6/assets/IUSD.svg"",""priceUpdatedAt"":""2026-07-27T06:14:27.000Z"",""price"":0.99274}"
LQ,LQ,LQ,0,0,0,0,0,false,false,false,false,2026-07-27T07:11:45.208Z,274970.34242966864,0,274970.34242966864,"{""id"":""da8c30857834c6ae7203935b89278c532b3995245295456f993e1d244c51"",""name"":""4c51"",""symbol"":""LQ"",""displayName"":""LQ"",""decimals"":6,""currencySymbol"":""da8c30857834c6ae7203935b89278c532b3995245295456f993e1d24"",""logo"":""https://public.liqwid.finance/v6/assets/LQ.svg"",""priceUpdatedAt"":""2026-07-27T06:14:27.000Z"",""price"":0.16569}"
MIN,MIN,MIN,0.009268279,0.0200633402,0.0200633402,0.5774386817475842,0,false,false,false,false,2026-07-27T07:11:45.209Z,27445.829502801178,15848.283607566464,11597.545895234713,"{""id"":""29d222ce763455e3d7a09a665ce554f00ac89d2e99a1a83d267170c64d494e"",""name"":""4d494e"",""symbol"":""MIN"",""displayName"":""MIN"",""decimals"":6,""currencySymbol"":""29d222ce763455e3d7a09a665ce554f00ac89d2e99a1a83d267170c6"",""logo"":""https://public.liqwid.finance/v6/assets/MIN.svg"",""priceUpdatedAt"":""2026-07-27T06:14:27.000Z"",""price"":0.0029871}"
NIGHT,NIGHT,NIGHT,0.0000928188,0.0019988411,0.0019988411,0.05804538440435041,0,false,false,false,false,2026-07-27T07:11:45.218Z,408066.54814457666,23686.379649608316,384380.1684949683,"{""id"":""0691b2fecca1ac4f53cb6dfb00b7013e561d1f34403b957cbb5af1fa4e49474854"",""name"":""4e49474854"",""symbol"":""NIGHT"",""displayName"":""NIGHT"",""decimals"":6,""currencySymbol"":""0691b2fecca1ac4f53cb6dfb00b7013e561d1f34403b957cbb5af1fa"",""logo"":""https://public.liqwid.finance/v6/assets/NIGHT.svg"",""priceUpdatedAt"":""2026-07-27T06:14:27.000Z"",""price"":0.019697}"
POL,POL,POL,0,0,0,0,0,false,true,false,false,2026-07-27T07:11:45.209Z,2084868.193640814,0,2084868.193640814,"{""id"":""da8c30857834c6ae7203935b89278c532b3995245295456f993e1d244c51"",""name"":""4c51"",""symbol"":""LQ"",""displayName"":""LQ"",""decimals"":6,""currencySymbol"":""da8c30857834c6ae7203935b89278c532b3995245295456f993e1d24"",""logo"":""https://public.liqwid.finance/v6/assets/LQ.svg"",""priceUpdatedAt"":""2026-07-27T06:14:27.000Z"",""price"":0.16569}"
PYUSD,wanPYUSD,wanPYUSD,0,0.05,0.05,0,0,false,false,false,false,2026-07-27T07:11:45.216Z,83.911682,0,83.911682,"{""id"":""25c5de5f5b286073c593edfd77b48abc7a48e5a4f3d4cd9d428ff9355059555344"",""name"":""5059555344"",""symbol"":""wanPYUSD"",""displayName"":""wanPYUSD"",""decimals"":6,""currencySymbol"":""25c5de5f5b286073c593edfd77b48abc7a48e5a4f3d4cd9d428ff935"",""logo"":""https://public.liqwid.finance/v6/assets/wanPYUSD.svg"",""priceUpdatedAt"":""2025-05-06T16:28:37.000Z"",""price"":1}"
SHEN,SHEN,SHEN,0.0001007765,0.0020828071,0.0020828071,0.060481182224935426,0,false,false,false,false,2026-07-27T07:11:45.210Z,32325.435802785738,1955.080573288736,30370.355229497003,"{""id"":""8db269c3ec630e06ae29f74bc39edd1f87c819f1056206e879a1cd615368656e4d6963726f555344"",""name"":""5368656e4d6963726f555344"",""symbol"":""SHEN"",""displayName"":""SHEN"",""decimals"":6,""currencySymbol"":""8db269c3ec630e06ae29f74bc39edd1f87c819f1056206e879a1cd61"",""logo"":""https://public.liqwid.finance/v6/assets/SHEN.svg"",""priceUpdatedAt"":""2026-07-27T06:14:27.000Z"",""price"":0.066806}"
SNEK,SNEK,SNEK,0.0019576251,0.0091960817,0.0091960817,0.266095006729284,0,false,false,false,false,2026-07-27T07:11:45.210Z,59877.95530688,15933.22492032,43944.73038656,"{""id"":""279c909f348e533da5808898f87f9a14bb2c3dfbbacccd631d927a3f534e454b"",""name"":""534e454b"",""symbol"":""SNEK"",""displayName"":""SNEK"",""decimals"":0,""currencySymbol"":""279c909f348e533da5808898f87f9a14bb2c3dfbbacccd631d927a3f"",""logo"":""https://public.liqwid.finance/v6/assets/SNEK.svg"",""priceUpdatedAt"":""2026-07-27T06:14:27.000Z"",""price"":0.00030064}"
USDA,USDA,USDA,0.1949504925,0.3067721002,0.3067721002,0.7943620537531528,0,false,false,false,false,2026-07-27T07:11:45.199Z,790685.475991,628090.538581,162594.93741,"{""id"":""fe7c786ab321f41c654ef6c1af7b3250a613c24e4213e0425a7ae45655534441"",""name"":""55534441"",""symbol"":""USDA"",""displayName"":""USDA"",""decimals"":6,""currencySymbol"":""fe7c786ab321f41c654ef6c1af7b3250a613c24e4213e0425a7ae456"",""logo"":""https://public.liqwid.finance/v6/assets/USDA.svg"",""priceUpdatedAt"":""2025-03-05T12:31:59.000Z"",""price"":1}"
USDC,wanUSDC,wanUSDC,0.057773606,0.1659702763,0.1659702763,0.4351201256043082,0,false,false,false,false,2026-07-27T07:11:45.211Z,632902.51427362,275388.62150602,357513.8927676,"{""id"":""25c5de5f5b286073c593edfd77b48abc7a48e5a4f3d4cd9d428ff93555534443"",""name"":""55534443"",""symbol"":""wanUSDC"",""displayName"":""wanUSDC"",""decimals"":8,""currencySymbol"":""25c5de5f5b286073c593edfd77b48abc7a48e5a4f3d4cd9d428ff935"",""logo"":""https://public.liqwid.finance/v6/assets/wanUSDC.svg"",""priceUpdatedAt"":""2024-12-09T14:04:00.795Z"",""price"":1}"
USDCx,USDCx,USDCx,0.0507319919,0.0773110293,0.0773110293,0.820257994534607,0,false,false,false,false,2026-07-27T07:11:45.218Z,860970.97653,706218.326561,154752.649969,"{""id"":""1f3aec8bfe7ea4fe14c5f121e2a92e301afe414147860d557cac7e345553444378"",""name"":""5553444378"",""symbol"":""USDCx"",""displayName"":""USDCx"",""decimals"":6,""currencySymbol"":""1f3aec8bfe7ea4fe14c5f121e2a92e301afe414147860d557cac7e34"",""logo"":""https://public.liqwid.finance/v6/assets/USDC.svg"",""priceUpdatedAt"":""2026-02-25T16:01:22.000Z"",""price"":1}"
USDCx-USDM-SUNDAE-LP-STABLESWAP,LPS-USDCx-USDM,LPS-USDCx-USDM,0.0196837123,0.0286309643,0.0286309643,0.8593716953167686,0,false,false,false,false,2026-07-27T07:11:45.219Z,115599.2255073878,99342.7024015893,16256.5231057985,"{""id"":""4de79a0c17180030bff4c36825cb6e99caa007bc632f789561a26d560014df10d7c7a7db47ab71ef07f0aa65e6b0bcf9409977c183e85fe6f0a5feb6"",""name"":""0014df10d7c7a7db47ab71ef07f0aa65e6b0bcf9409977c183e85fe6f0a5feb6"",""symbol"":""LPS-USDCx-USDM"",""displayName"":""LPS-USDCx-USDM"",""decimals"":0,""currencySymbol"":""4de79a0c17180030bff4c36825cb6e99caa007bc632f789561a26d56"",""logo"":""https://public.liqwid.finance/v6/assets/SUNDAE-USDCx-USDM.svg"",""priceUpdatedAt"":""2026-07-27T06:14:27.000Z"",""price"":0.0000010057}"
USDM,USDM,USDM,0.0942394423,0.2083313989,0.2083313989,0.5654419039755222,0,false,false,false,false,2026-07-27T07:11:45.212Z,1491246.706598,843213.377076,648033.329522,"{""id"":""c48cbb3d5e57ed56e276bc45f99ab39abe94e6cd7ac39fb402da47ad0014df105553444d"",""name"":""0014df105553444d"",""symbol"":""USDM"",""displayName"":""USDM"",""decimals"":6,""currencySymbol"":""c48cbb3d5e57ed56e276bc45f99ab39abe94e6cd7ac39fb402da47ad"",""logo"":""https://public.liqwid.finance/v6/assets/USDM.svg"",""priceUpdatedAt"":""2024-08-16T11:28:18.794Z"",""price"":1}"
USDM-USDA-MINSWAP-LP-STABLE,LPM-USDM-USDA,LPM-USDM-USDA,0,0,0,0,0,false,false,false,false,2026-07-27T07:11:45.219Z,288.4912885609,0,288.4912885609,"{""id"":""5f0d38b3eb8fea72cd3cbdaa9594a74d0db79b5a27e85be5e9015bd65553444d2d555344412d534c50"",""name"":""5553444d2d555344412d534c50"",""symbol"":""LPM-USDM-USDA"",""displayName"":""LPM-USDM-USDA"",""decimals"":0,""currencySymbol"":""5f0d38b3eb8fea72cd3cbdaa9594a74d0db79b5a27e85be5e9015bd6"",""logo"":""https://public.liqwid.finance/v6/assets/MINSWAP-USDM-USDA.svg"",""priceUpdatedAt"":""2026-07-27T06:14:27.000Z"",""price"":0.0000010079}"
USDT,wanUSDT,wanUSDT,0.2252423367,0.3184849195,0.3184849195,0.88403846968404,0,false,false,false,false,2026-07-27T07:11:45.213Z,481073.05892049,425287.09081429,55785.9681062,"{""id"":""25c5de5f5b286073c593edfd77b48abc7a48e5a4f3d4cd9d428ff93555534454"",""name"":""55534454"",""symbol"":""wanUSDT"",""displayName"":""wanUSDT"",""decimals"":8,""currencySymbol"":""25c5de5f5b286073c593edfd77b48abc7a48e5a4f3d4cd9d428ff935"",""logo"":""https://public.liqwid.finance/v6/assets/wanUSDT.svg"",""priceUpdatedAt"":""2024-12-09T14:01:14.074Z"",""price"":1}"
WMT,WMT,WMT,0,0,0,4.558202296605775e-11,0,false,false,true,false,2026-07-27T07:11:45.214Z,12120.260665293175,5.52466e-7,12120.26066474071,"{""id"":""1d7f33bd23d85e1a25d87d86fac4f199c3197a2f7afeb662a0f34e1e776f726c646d6f62696c65746f6b656e"",""name"":""776f726c646d6f62696c65746f6b656e"",""symbol"":""WMT"",""displayName"":""WMT"",""decimals"":6,""currencySymbol"":""1d7f33bd23d85e1a25d87d86fac4f199c3197a2f7afeb662a0f34e1e"",""logo"":""https://public.liqwid.finance/v6/assets/WMT.svg"",""priceUpdatedAt"":""2024-12-16T08:00:03.025Z"",""price"":0.552466}"
