date,periodStartDay,periodEndDay,fromDate,toDate,totalFeesInUsd,userFeesInUsd,supplySideRevenueInUsd,totalRevenueInUsd,protocolRevenueInUsd,holdersRevenueInUsd,borrowInterestAccruedInUsd,borrowInterestAccruedForSupplySideInUsd,borrowInterestAccruedForHoldersInUsd,borrowInterestAccruedForProtocolInUsd,loanOriginationFeesInUsd,loanOriginationFeesForProtocolInUsd,loanOriginationFeesForHoldersInUsd,isComplete,provenance
2026-01-01,2026-01-01,2026-01-01,2026-01-01T00:00:00.000Z,2026-01-01T23:59:59.000Z,10257.64703980431,10257.64703980431,8101.174427310407,2156.4726124939016,2156.4726124939016,0,10126.468034137986,8101.174427310407,0,2025.2936068276017,131.17900566630001,131.17900566630001,0,true,analytics-fees-daily-v1
2026-01-02,2026-01-02,2026-01-02,2026-01-02T00:00:00.000Z,2026-01-02T23:59:59.000Z,8388.551812769092,8388.551812769092,6535.129816152858,1853.4219966162345,1853.4219966162345,0,8168.912270191066,6535.129816152858,0,1633.7824540382146,219.63954257802,219.63954257802,0,true,analytics-fees-daily-v1
2026-01-03,2026-01-03,2026-01-03,2026-01-03T00:00:00.000Z,2026-01-03T23:59:59.000Z,9581.20476767152,9581.20476767152,7590.514751561615,1990.6900161099038,1990.6900161099038,0,9488.143439452027,7590.514751561615,0,1897.6286878904039,93.0613282195,93.0613282195,0,true,analytics-fees-daily-v1
2026-01-04,2026-01-04,2026-01-04,2026-01-04T00:00:00.000Z,2026-01-04T23:59:59.000Z,16230.34168441704,9688.902625650131,14112.380839070134,2117.9608453469064,2117.9608453469064,0,9463.677225379071,7570.941780303225,0,1892.7354450758062,225.2254002711,225.2254002711,0,true,analytics-fees-daily-v1
2026-01-05,2026-01-05,2026-01-05,2026-01-05T00:00:00.000Z,2026-01-05T23:59:59.000Z,7906.702844916382,7906.702844916382,6225.0409120933455,1681.6619328230363,1681.6619328230363,0,7781.3011401166805,6225.0409120933455,0,1556.2602280233364,125.40170479970001,125.40170479970001,0,true,analytics-fees-daily-v1
2026-01-06,2026-01-06,2026-01-06,2026-01-06T00:00:00.000Z,2026-01-06T23:59:59.000Z,9489.494007991063,9489.494007991063,7531.008892886446,1958.4851151046169,1958.4851151046169,0,9283.808744909593,7427.046995927667,0,1856.7617489819168,101.7233661227,101.7233661227,0,true,analytics-fees-daily-v1
2026-01-07,2026-01-07,2026-01-07,2026-01-07T00:00:00.000Z,2026-01-07T23:59:59.000Z,8005.12476273925,8005.12476273925,6267.2867778748405,1737.8379848644101,1737.8379848644101,0,7834.108472343564,6267.2867778748405,0,1566.8216944687101,171.0162903957,171.0162903957,0,true,analytics-fees-daily-v1
2026-01-08,2026-01-08,2026-01-08,2026-01-08T00:00:00.000Z,2026-01-08T23:59:59.000Z,9346.321747406419,9346.321747406419,7409.710253746654,1936.6114936597637,1936.6114936597637,0,9262.137817183348,7409.710253746654,0,1852.4275634366636,84.18393022309999,84.18393022309999,0,true,analytics-fees-daily-v1
2026-01-09,2026-01-09,2026-01-09,2026-01-09T00:00:00.000Z,2026-01-09T23:59:59.000Z,17175.446895991583,9450.545957422733,15247.028397311287,1928.4184986802957,1928.4184986802957,0,9402.659323428072,7522.127458742438,0,1880.5318646856094,47.8866339946862,47.8866339946862,0,true,analytics-fees-daily-v1
2026-01-10,2026-01-10,2026-01-10,2026-01-10T00:00:00.000Z,2026-01-10T23:59:59.000Z,7886.7592306037905,7886.7592306037905,6276.399776295832,1610.359454307958,1610.359454307958,0,7845.499720369764,6276.399776295832,0,1569.099944073958,41.259510234000004,41.259510234000004,0,true,analytics-fees-daily-v1
2026-01-11,2026-01-11,2026-01-11,2026-01-11T00:00:00.000Z,2026-01-11T23:59:59.000Z,9546.4184392231,9546.4184392231,7628.47603135416,1917.94240786894,1917.94240786894,0,9535.595039192742,7628.47603135416,0,1907.11900783854,10.8234000304,10.8234000304,0,true,analytics-fees-daily-v1
2026-01-12,2026-01-12,2026-01-12,2026-01-12T00:00:00.000Z,2026-01-12T23:59:59.000Z,9584.726240039816,9584.726240039816,7610.727372933693,1973.9988671061233,1973.9988671061233,0,9513.409216167087,7610.727372933693,0,1902.6818432334233,71.31702387269999,71.31702387269999,0,true,analytics-fees-daily-v1
2026-01-13,2026-01-13,2026-01-13,2026-01-13T00:00:00.000Z,2026-01-13T23:59:59.000Z,8115.563052494607,8115.563052494607,6494.311621076435,1621.2514314181724,1621.2514314181724,0,7980.524405892836,6384.41952471429,0,1596.1048811785724,25.1465502396,25.1465502396,0,true,analytics-fees-daily-v1
2026-01-14,2026-01-14,2026-01-14,2026-01-14T00:00:00.000Z,2026-01-14T23:59:59.000Z,19934.030448993326,9735.610867860685,17893.40690495359,2040.6235440397377,2040.6235440397377,0,9618.734154776193,7694.98732382095,0,1923.7468309552376,116.87671308450001,116.87671308450001,0,true,analytics-fees-daily-v1
2026-01-15,2026-01-15,2026-01-15,2026-01-15T00:00:00.000Z,2026-01-15T23:59:59.000Z,9063.390281848988,9063.390281848988,7296.30286602624,1767.087415822747,1767.087415822747,0,8245.599048505732,6596.479238804588,0,1649.119809701147,117.9676061216,117.9676061216,0,true,analytics-fees-daily-v1
2026-01-16,2026-01-16,2026-01-16,2026-01-16T00:00:00.000Z,2026-01-16T23:59:59.000Z,9635.473887682792,9635.473887682792,7631.576847416794,2003.8970402659986,2003.8970402659986,0,9539.471059270947,7631.576847416794,0,1907.8942118541986,96.00282841180001,96.00282841180001,0,true,analytics-fees-daily-v1
2026-01-17,2026-01-17,2026-01-17,2026-01-17T00:00:00.000Z,2026-01-17T23:59:59.000Z,9850.229755709672,9850.229755709672,7784.324184791258,2065.9055709184145,2065.9055709184145,0,9730.40523098909,7784.324184791258,0,1946.0810461978144,119.8245247206,119.8245247206,0,true,analytics-fees-daily-v1
2026-01-18,2026-01-18,2026-01-18,2026-01-18T00:00:00.000Z,2026-01-18T23:59:59.000Z,8334.473161459244,8334.473161459244,6664.690890410528,1669.7822710487167,1669.7822710487167,0,8145.4636130726085,6516.370890458066,0,1629.0927226145166,40.689548434200006,40.689548434200006,0,true,analytics-fees-daily-v1
2026-01-19,2026-01-19,2026-01-19,2026-01-19T00:00:00.000Z,2026-01-19T23:59:59.000Z,17141.10278874317,10653.069922599949,15084.8421820461,2056.260606697069,2056.260606697069,0,9741.90263856584,7793.522110852675,0,1948.3805277131687,107.88007898389999,107.88007898389999,0,true,analytics-fees-daily-v1
2026-01-20,2026-01-20,2026-01-20,2026-01-20T00:00:00.000Z,2026-01-20T23:59:59.000Z,9888.914376341072,9888.914376341072,7775.493975841818,2113.4204004992544,2113.4204004992544,0,9719.367469802297,7775.493975841818,0,1943.8734939604544,169.5469065388,169.5469065388,0,true,analytics-fees-daily-v1
2026-01-21,2026-01-21,2026-01-21,2026-01-21T00:00:00.000Z,2026-01-21T23:59:59.000Z,8304.727505433082,8304.727505433082,6518.37804360262,1786.349461830463,1786.349461830463,0,8147.972554503303,6518.37804360262,0,1629.594510900655,156.75495092980802,156.75495092980802,0,true,analytics-fees-daily-v1
2026-01-22,2026-01-22,2026-01-22,2026-01-22T00:00:00.000Z,2026-01-22T23:59:59.000Z,10590.207475266376,10590.207475266376,8180.13752593822,2410.069949328155,2410.069949328155,0,10225.171907422764,8180.13752593822,0,2045.034381484555,365.0355678436,365.0355678436,0,true,analytics-fees-daily-v1
2026-01-23,2026-01-23,2026-01-23,2026-01-23T00:00:00.000Z,2026-01-23T23:59:59.000Z,9711.455039267921,9711.455039267921,7753.583658324416,1957.8713809435042,1957.8713809435042,0,9691.979572905482,7753.583658324416,0,1938.395914581104,19.4754663624,19.4754663624,0,true,analytics-fees-daily-v1
2026-01-24,2026-01-24,2026-01-24,2026-01-24T00:00:00.000Z,2026-01-24T23:59:59.000Z,16153.157044395002,8734.746555837863,14389.97217931959,1763.1848650754127,1763.1848650754127,0,8714.452113453077,6971.561690762451,0,1742.8904226906127,20.2944423848,20.2944423848,0,true,analytics-fees-daily-v1
2026-01-25,2026-01-25,2026-01-25,2026-01-25T00:00:00.000Z,2026-01-25T23:59:59.000Z,11024.48108493748,11024.48108493748,8901.01772019161,2123.46336474587,2123.46336474587,0,9910.715052191816,7928.572041753479,0,1982.1430104383699,141.3203543075,141.3203543075,0,true,analytics-fees-daily-v1
2026-01-26,2026-01-26,2026-01-26,2026-01-26T00:00:00.000Z,2026-01-26T23:59:59.000Z,8372.516773057978,8372.516773057978,6543.948107798382,1828.5686652595955,1828.5686652595955,0,8179.935134747982,6543.948107798382,0,1635.9870269495955,192.58163831,192.58163831,0,true,analytics-fees-daily-v1
2026-01-27,2026-01-27,2026-01-27,2026-01-27T00:00:00.000Z,2026-01-27T23:59:59.000Z,10517.97728144898,10517.97728144898,8375.32766119054,2142.6496202584394,2142.6496202584394,0,9783.440397721153,7826.7523181769575,0,1956.6880795442394,185.9615407142,185.9615407142,0,true,analytics-fees-daily-v1
2026-01-28,2026-01-28,2026-01-28,2026-01-28T00:00:00.000Z,2026-01-28T23:59:59.000Z,10096.058890392509,10096.058890392509,7806.086949313367,2289.9719410791417,2289.9719410791417,0,9757.608686641686,7806.086949313367,0,1951.5217373283417,338.4502037508,338.4502037508,0,true,analytics-fees-daily-v1
2026-01-29,2026-01-29,2026-01-29,2026-01-29T00:00:00.000Z,2026-01-29T23:59:59.000Z,9592.217493260781,5545.959535523181,8448.119640433204,1144.097852827578,1144.097852827578,0,4863.831955831392,3891.065564665112,0,972.766391166278,171.33146166129998,171.33146166129998,0,true,analytics-fees-daily-v1
2026-01-30,2026-01-30,2026-01-30,2026-01-30T00:00:00.000Z,2026-01-30T23:59:59.000Z,15768.544063726436,15768.544063726436,14222.183240979226,1546.3608227472096,1546.3608227472096,0,5954.568067292555,4763.654453834039,0,1190.9136134585096,355.4472092887,355.4472092887,0,true,analytics-fees-daily-v1
2026-01-31,2026-01-31,2026-01-31,2026-01-31T00:00:00.000Z,2026-01-31T23:59:59.000Z,82308.85286995213,82308.85286995213,80423.04868745203,1885.8041825000982,1885.8041825000982,0,4564.7804538544815,3651.8243630835927,0,912.9560907708982,972.8480917292,972.8480917292,0,true,analytics-fees-daily-v1
2026-02-01,2026-02-01,2026-02-01,2026-02-01T00:00:00.000Z,2026-02-01T23:59:59.000Z,8744.918970439521,8744.918970439521,7651.734359636763,1093.1846108027594,1093.1846108027594,0,4595.380991273802,3676.3047930190373,0,919.0761982547593,174.10841254800002,174.10841254800002,0,true,analytics-fees-daily-v1
2026-02-02,2026-02-02,2026-02-02,2026-02-02T00:00:00.000Z,2026-02-02T23:59:59.000Z,6231.133969000882,6231.133969000882,5008.947670523294,1222.186298477588,1222.186298477588,0,4512.281681574814,3609.825345259847,0,902.4563363149617,319.7299621626263,319.7299621626263,0,true,analytics-fees-daily-v1
2026-02-03,2026-02-03,2026-02-03,2026-02-03T00:00:00.000Z,2026-02-03T23:59:59.000Z,9480.353835750348,3922.573978459667,8485.881572335813,994.4722634145354,994.4722634145354,0,3660.1271438064255,2928.1017150451335,0,732.0254287612834,262.44683465325204,262.44683465325204,0,true,analytics-fees-daily-v1
2026-02-04,2026-02-04,2026-02-04,2026-02-04T00:00:00.000Z,2026-02-04T23:59:59.000Z,4265.351288744869,4265.351288744869,3369.159627405335,896.1916613395338,896.1916613395338,0,4211.449534256668,3369.159627405335,0,842.2899068513337,53.9017544882,53.9017544882,0,true,analytics-fees-daily-v1
2026-02-05,2026-02-05,2026-02-05,2026-02-05T00:00:00.000Z,2026-02-05T23:59:59.000Z,0,0,0,0,0,0,0,0,0,0,0,0,0,true,analytics-fees-daily-v1
2026-02-06,2026-02-06,2026-02-06,2026-02-06T00:00:00.000Z,2026-02-06T23:59:59.000Z,9847.51058196602,9847.51058196602,8735.602961445147,1111.9076205208735,1111.9076205208735,0,2860.6353433063687,2288.5082746450935,0,572.1270686612734,539.7805518596,539.7805518596,0,true,analytics-fees-daily-v1
2026-02-07,2026-02-07,2026-02-07,2026-02-07T00:00:00.000Z,2026-02-07T23:59:59.000Z,3070.7780810767217,3070.7780810767217,2403.8314241264798,666.946656950242,666.946656950242,0,3004.7892801581,2403.8314241264798,0,600.9578560316199,65.98880091862199,65.98880091862199,0,true,analytics-fees-daily-v1
2026-02-08,2026-02-08,2026-02-08,2026-02-08T00:00:00.000Z,2026-02-08T23:59:59.000Z,7301.660281655115,2560.048226111865,6669.5188776330615,632.1414040220529,632.1414040220529,0,2409.883527612264,1927.9068220898118,0,481.97670552245296,150.1646984996,150.1646984996,0,true,analytics-fees-daily-v1
2026-02-09,2026-02-09,2026-02-09,2026-02-09T00:00:00.000Z,2026-02-09T23:59:59.000Z,2923.2915838202853,2923.2915838202853,2294.808987805898,628.482596014387,628.482596014387,0,2862.4131607719405,2289.930528617548,0,572.482632154387,55.999963859999994,55.999963859999994,0,true,analytics-fees-daily-v1
2026-02-10,2026-02-10,2026-02-10,2026-02-10T00:00:00.000Z,2026-02-10T23:59:59.000Z,2947.5998761563824,2947.5998761563824,2277.368284615106,670.2315915412764,670.2315915412764,0,2846.7103557688865,2277.368284615106,0,569.3420711537765,100.8895203875,100.8895203875,0,true,analytics-fees-daily-v1
2026-02-11,2026-02-11,2026-02-11,2026-02-11T00:00:00.000Z,2026-02-11T23:59:59.000Z,2968.1096366227666,2968.1096366227666,1818.7352762821788,1149.3743603405878,1149.3743603405878,0,2273.419095352723,1818.7352762821788,0,454.6838190705447,694.690541270043,694.690541270043,0,true,analytics-fees-daily-v1
2026-02-12,2026-02-12,2026-02-12,2026-02-12T00:00:00.000Z,2026-02-12T23:59:59.000Z,6115.505319687778,6115.505319687778,1979.3039274066225,4136.201392281156,4136.201392281156,0,2474.1299092582776,1979.3039274066225,0,494.8259818516556,3641.3754104295,3641.3754104295,0,true,analytics-fees-daily-v1
2026-02-13,2026-02-13,2026-02-13,2026-02-13T00:00:00.000Z,2026-02-13T23:59:59.000Z,5707.7418913111405,2395.9689230619906,5140.6324078286625,567.109483482478,567.109483482478,0,2286.0742994743878,1828.8594395795124,0,457.2148598948781,109.8946235876,109.8946235876,0,true,analytics-fees-daily-v1
2026-02-14,2026-02-14,2026-02-14,2026-02-14T00:00:00.000Z,2026-02-14T23:59:59.000Z,2674.75574819742,2674.75574819742,1686.6857615688161,988.069986628604,988.069986628604,0,2108.357201961018,1686.6857615688161,0,421.67144039220403,566.3985462364001,566.3985462364001,0,true,analytics-fees-daily-v1
2026-02-15,2026-02-15,2026-02-15,2026-02-15T00:00:00.000Z,2026-02-15T23:59:59.000Z,2410.4471929236815,2410.4471929236815,1913.4891805309453,496.95801239273635,496.95801239273635,0,2391.8614756636853,1913.4891805309453,0,478.3722951327363,18.58571726,18.58571726,0,true,analytics-fees-daily-v1
2026-02-16,2026-02-16,2026-02-16,2026-02-16T00:00:00.000Z,2026-02-16T23:59:59.000Z,1983.9159709538924,1983.9159709538924,1580.177438455914,403.7385324979785,403.7385324979785,0,1975.2217980698929,1580.177438455914,0,395.0443596139785,8.694172883999999,8.694172883999999,0,true,analytics-fees-daily-v1
2026-02-17,2026-02-17,2026-02-17,2026-02-17T00:00:00.000Z,2026-02-17T23:59:59.000Z,2385.43845761869,2385.43845761869,1897.325090333352,488.113367285338,488.113367285338,0,2371.6563629166917,1897.325090333352,0,474.331272583338,13.782094702,13.782094702,0,true,analytics-fees-daily-v1
2026-02-18,2026-02-18,2026-02-18,2026-02-18T00:00:00.000Z,2026-02-18T23:59:59.000Z,7703.429138551238,2419.627886445958,7184.733395695478,518.6957428557602,518.6957428557602,0,2376.165179487747,1900.9321435901982,0,475.23303589754954,43.4627069582106,43.4627069582106,0,true,analytics-fees-daily-v1
2026-02-19,2026-02-19,2026-02-19,2026-02-19T00:00:00.000Z,2026-02-19T23:59:59.000Z,2578.7420589984804,2578.7420589984804,1626.6779838216642,952.064075176816,952.064075176816,0,2033.3474797770823,1626.6779838216642,0,406.66949595541604,545.3945792214,545.3945792214,0,true,analytics-fees-daily-v1
2026-02-20,2026-02-20,2026-02-20,2026-02-20T00:00:00.000Z,2026-02-20T23:59:59.000Z,2512.165197657009,2512.165197657009,1938.725318390087,573.4398792669217,573.4398792669217,0,2423.4066479876055,1938.725318390087,0,484.68132959752177,88.7585496694,88.7585496694,0,true,analytics-fees-daily-v1
2026-02-21,2026-02-21,2026-02-21,2026-02-21T00:00:00.000Z,2026-02-21T23:59:59.000Z,2419.6383965645255,2419.6383965645255,1863.4612080836202,556.1771884809051,556.1771884809051,0,2329.326510104528,1863.4612080836202,0,465.86530202090506,90.31188646,90.31188646,0,true,analytics-fees-daily-v1
2026-02-22,2026-02-22,2026-02-22,2026-02-22T00:00:00.000Z,2026-02-22T23:59:59.000Z,2140.9722858572363,2140.9722858572363,1677.4513349177892,463.5209509394473,463.5209509394473,0,2096.8141686472377,1677.4513349177892,0,419.3628337294473,44.15811721,44.15811721,0,true,analytics-fees-daily-v1
2026-02-23,2026-02-23,2026-02-23,2026-02-23T00:00:00.000Z,2026-02-23T23:59:59.000Z,7307.920554707145,2459.652487633445,6792.733271723336,515.1872829838089,515.1872829838089,0,2430.58150581204,1944.4652046496358,0,486.11630116240894,29.0709818214,29.0709818214,0,true,analytics-fees-daily-v1
2026-02-24,2026-02-24,2026-02-24,2026-02-24T00:00:00.000Z,2026-02-24T23:59:59.000Z,2439.1528859311406,2439.1528859311406,1821.5503219570726,617.6025639740682,617.6025639740682,0,2276.9379024463424,1821.5503219570726,0,455.38758048926815,162.2149834848,162.2149834848,0,true,analytics-fees-daily-v1
2026-02-25,2026-02-25,2026-02-25,2026-02-25T00:00:00.000Z,2026-02-25T23:59:59.000Z,2423.1764738043057,2423.1764738043057,1848.4323302383248,574.7441435659812,574.7441435659812,0,2310.54041279791,1848.4323302383248,0,462.1080825595812,112.6360610064,112.6360610064,0,true,analytics-fees-daily-v1
2026-02-26,2026-02-26,2026-02-26,2026-02-26T00:00:00.000Z,2026-02-26T23:59:59.000Z,2847.0183476455013,2847.0183476455013,2011.0534452593452,835.9649023861563,835.9649023861563,0,2513.8168065741834,2011.0534452593452,0,502.7633613148363,333.20154107132,333.20154107132,0,true,analytics-fees-daily-v1
2026-02-27,2026-02-27,2026-02-27,2026-02-27T00:00:00.000Z,2026-02-27T23:59:59.000Z,2082.469122421767,2082.469122421767,1624.8918746426937,457.57724777907345,457.57724777907345,0,2031.1148433033643,1624.8918746426937,0,406.2229686606734,51.3542791184,51.3542791184,0,true,analytics-fees-daily-v1
2026-02-28,2026-02-28,2026-02-28,2026-02-28T00:00:00.000Z,2026-02-28T23:59:59.000Z,7374.413410632339,2676.9310637603494,6734.913702350871,639.4997082814682,639.4997082814682,0,2469.462570683344,1975.570056546673,0,493.89251413666824,145.6071941448,145.6071941448,0,true,analytics-fees-daily-v1
2026-03-01,2026-03-01,2026-03-01,2026-03-01T00:00:00.000Z,2026-03-01T23:59:59.000Z,2896.71428465831,2896.71428465831,1992.192572117448,904.521712540862,904.521712540862,0,2490.240715146806,1992.192572117448,0,498.048143029362,406.47356951150005,406.47356951150005,0,true,analytics-fees-daily-v1
2026-03-02,2026-03-02,2026-03-02,2026-03-02T00:00:00.000Z,2026-03-02T23:59:59.000Z,2636.7213120153265,2636.7213120153265,1644.5923855714614,992.1289264438653,992.1289264438653,0,2055.7404819643266,1644.5923855714614,0,411.14809639286534,580.980830051,580.980830051,0,true,analytics-fees-daily-v1
2026-03-03,2026-03-03,2026-03-03,2026-03-03T00:00:00.000Z,2026-03-03T23:59:59.000Z,2554.837732512433,2554.837732512433,1971.7321030811463,583.1056294312866,583.1056294312866,0,2464.665128851436,1971.7321030811463,0,492.9330257702866,90.172603661,90.172603661,0,true,analytics-fees-daily-v1
2026-03-04,2026-03-04,2026-03-04,2026-03-04T00:00:00.000Z,2026-03-04T23:59:59.000Z,2727.027818451211,2727.027818451211,1977.7931686411287,749.2346498100821,749.2346498100821,0,2472.2414608014183,1977.7931686411287,0,494.44829216028216,254.7863576498,254.7863576498,0,true,analytics-fees-daily-v1
2026-03-05,2026-03-05,2026-03-05,2026-03-05T00:00:00.000Z,2026-03-05T23:59:59.000Z,6089.668411126815,2169.596319167415,5578.109421191172,511.558989935643,511.558989935643,0,2072.546661539716,1658.037329231772,0,414.509332307943,97.0496576277,97.0496576277,0,true,analytics-fees-daily-v1
2026-03-06,2026-03-06,2026-03-06,2026-03-06T00:00:00.000Z,2026-03-06T23:59:59.000Z,2506.7450969943297,2506.7450969943297,1990.5999497178639,516.145147276466,516.145147276466,0,2488.249937147326,1990.5999497178639,0,497.64998742946597,18.495159847,18.495159847,0,true,analytics-fees-daily-v1
2026-03-07,2026-03-07,2026-03-07,2026-03-07T00:00:00.000Z,2026-03-07T23:59:59.000Z,2124.823245617578,2124.823245617578,1647.2350046322224,477.5882409853556,477.5882409853556,0,2059.043755790281,1647.2350046322224,0,411.8087511580556,65.7794898273,65.7794898273,0,true,analytics-fees-daily-v1
2026-03-08,2026-03-08,2026-03-08,2026-03-08T00:00:00.000Z,2026-03-08T23:59:59.000Z,2703.621563299497,2703.621563299497,1995.2686877093404,708.352875590157,708.352875590157,0,2494.085859636671,1995.2686877093404,0,498.8171719273351,209.535703662822,209.535703662822,0,true,analytics-fees-daily-v1
2026-03-09,2026-03-09,2026-03-09,2026-03-09T00:00:00.000Z,2026-03-09T23:59:59.000Z,2503.7163972587073,2503.7163972587073,1989.9552198430458,513.7611774156615,513.7611774156615,0,2487.4440248038063,1989.9552198430458,0,497.48880496076146,16.2723724549,16.2723724549,0,true,analytics-fees-daily-v1
2026-03-10,2026-03-10,2026-03-10,2026-03-10T00:00:00.000Z,2026-03-10T23:59:59.000Z,5903.442267672662,2092.826435623662,5483.36172554025,420.0805421324125,420.0805421324125,0,2090.9323668640614,1672.7458934912502,0,418.18647337281254,1.8940687596,1.8940687596,0,true,analytics-fees-daily-v1
2026-03-11,2026-03-11,2026-03-11,2026-03-11T00:00:00.000Z,2026-03-11T23:59:59.000Z,2952.3709925473886,2952.3709925473886,2034.1187271529184,918.2522653944702,918.2522653944702,0,2470.6979818587915,1976.5583854870326,0,494.13959637175816,424.112669022712,424.112669022712,0,true,analytics-fees-daily-v1
2026-03-12,2026-03-12,2026-03-12,2026-03-12T00:00:00.000Z,2026-03-12T23:59:59.000Z,2576.1066782394346,2576.1066782394346,1988.7982240028277,587.308454236607,587.308454236607,0,2485.9977800035335,1988.7982240028277,0,497.19955600070693,90.1088982359,90.1088982359,0,true,analytics-fees-daily-v1
2026-03-13,2026-03-13,2026-03-13,2026-03-13T00:00:00.000Z,2026-03-13T23:59:59.000Z,2212.2168518588464,2212.2168518588464,1671.825045738132,540.3918061207144,540.3918061207144,0,2089.7813071726637,1671.825045738132,0,417.956261434533,122.4355446861814,122.4355446861814,0,true,analytics-fees-daily-v1
2026-03-14,2026-03-14,2026-03-14,2026-03-14T00:00:00.000Z,2026-03-14T23:59:59.000Z,2644.708421824679,2644.708421824679,1919.7551784587035,724.9532433659758,724.9532433659758,0,2399.69397307338,1919.7551784587035,0,479.9387946146759,245.0144487513,245.0144487513,0,true,analytics-fees-daily-v1
2026-03-15,2026-03-15,2026-03-15,2026-03-15T00:00:00.000Z,2026-03-15T23:59:59.000Z,6153.725349633347,2023.808527723817,5538.259746300344,615.4656033330034,615.4656033330034,0,1760.4286554885182,1408.342924390814,0,352.0857310977035,263.37987223529996,263.37987223529996,0,true,analytics-fees-daily-v1
2026-03-16,2026-03-16,2026-03-16,2026-03-16T00:00:00.000Z,2026-03-16T23:59:59.000Z,2166.462016493097,2166.462016493097,1607.2265149309576,559.2355015621395,559.2355015621395,0,2009.0331436636973,1607.2265149309576,0,401.8066287327394,157.4288728294,157.4288728294,0,true,analytics-fees-daily-v1
2026-03-17,2026-03-17,2026-03-17,2026-03-17T00:00:00.000Z,2026-03-17T23:59:59.000Z,14352.634828485323,14352.634828485323,1630.5587231314285,12722.076105353895,12722.076105353895,0,2038.1984039142849,1630.5587231314285,0,407.6396807828571,12314.436424571039,12314.436424571039,0,true,analytics-fees-daily-v1
2026-03-18,2026-03-18,2026-03-18,2026-03-18T00:00:00.000Z,2026-03-18T23:59:59.000Z,1920.2270035606186,1920.2270035606186,1493.0106722387213,427.2163313218973,427.2163313218973,0,1857.6745319494867,1486.1396255595891,0,371.5349063898973,55.681424932,55.681424932,0,true,analytics-fees-daily-v1
2026-03-19,2026-03-19,2026-03-19,2026-03-19T00:00:00.000Z,2026-03-19T23:59:59.000Z,2234.377230809754,2234.377230809754,1738.872537691863,495.5046931178911,495.5046931178911,0,2169.8721668179523,1735.8977334543645,0,433.9744333635911,61.530259754300005,61.530259754300005,0,true,analytics-fees-daily-v1
2026-03-20,2026-03-20,2026-03-20,2026-03-20T00:00:00.000Z,2026-03-20T23:59:59.000Z,6414.628676907795,2513.2494800806053,5676.4649266748875,738.1637502329077,738.1637502329077,0,2186.6134479480365,1749.2907583584308,0,437.3226895896077,300.8410606433,300.8410606433,0,true,analytics-fees-daily-v1
2026-03-21,2026-03-21,2026-03-21,2026-03-21T00:00:00.000Z,2026-03-21T23:59:59.000Z,1970.9713247798527,1970.9713247798527,1489.5855473826819,481.3857773971708,481.3857773971708,0,1825.850718395855,1460.6805747166832,0,365.1701436791708,116.215633718,116.215633718,0,true,analytics-fees-daily-v1
2026-03-22,2026-03-22,2026-03-22,2026-03-22T00:00:00.000Z,2026-03-22T23:59:59.000Z,2150.5814949154906,2150.5814949154906,1698.1586884186804,452.42280649681027,452.42280649681027,0,2095.886817240554,1676.7094537924452,0,419.1773634481113,33.245443048699,33.245443048699,0,true,analytics-fees-daily-v1
2026-03-23,2026-03-23,2026-03-23,2026-03-23T00:00:00.000Z,2026-03-23T23:59:59.000Z,2184.9937482312935,2184.9937482312935,1463.4141481177548,721.5796001135386,721.5796001135386,0,1829.2676851471895,1463.4141481177548,0,365.8535370294387,355.72606308409996,355.72606308409996,0,true,analytics-fees-daily-v1
2026-03-24,2026-03-24,2026-03-24,2026-03-24T00:00:00.000Z,2026-03-24T23:59:59.000Z,2268.2860258415863,2268.2860258415863,1641.897737179177,626.3882886624093,626.3882886624093,0,2052.372171473978,1641.897737179177,0,410.47443429479426,215.91385436761502,215.91385436761502,0,true,analytics-fees-daily-v1
2026-03-25,2026-03-25,2026-03-25,2026-03-25T00:00:00.000Z,2026-03-25T23:59:59.000Z,6620.616964690219,2328.5538725833394,6013.932581316714,606.6843833735047,606.6843833735047,0,2152.3368615122963,1721.869489209835,0,430.4673723024587,176.21701107104602,176.21701107104602,0,true,analytics-fees-daily-v1
2026-03-26,2026-03-26,2026-03-26,2026-03-26T00:00:00.000Z,2026-03-26T23:59:59.000Z,2971.6667285405097,2971.6667285405097,1438.3617676996637,1533.304960840846,1533.304960840846,0,1797.9522096245837,1438.3617676996637,0,359.5904419249159,1173.71451891593,1173.71451891593,0,true,analytics-fees-daily-v1
2026-03-27,2026-03-27,2026-03-27,2026-03-27T00:00:00.000Z,2026-03-27T23:59:59.000Z,2166.3286217863333,2166.3286217863333,1682.8055828589254,483.52303892740787,483.52303892740787,0,2101.951013934039,1681.5608111472316,0,420.3902027868079,63.1328361406,63.1328361406,0,true,analytics-fees-daily-v1
2026-03-28,2026-03-28,2026-03-28,2026-03-28T00:00:00.000Z,2026-03-28T23:59:59.000Z,2161.93769847855,2161.93769847855,1700.114404336859,461.8232941416908,461.8232941416908,0,2125.1430054210737,1700.114404336859,0,425.02860108421476,36.794693057475996,36.794693057475996,0,true,analytics-fees-daily-v1
2026-03-29,2026-03-29,2026-03-29,2026-03-29T00:00:00.000Z,2026-03-29T23:59:59.000Z,2188.4059264675266,2188.4059264675266,1724.612790205838,463.7931362616886,463.7931362616886,0,1769.6063413469428,1415.6850730775543,0,353.9212682693886,109.8718679923,109.8718679923,0,true,analytics-fees-daily-v1
2026-03-30,2026-03-30,2026-03-30,2026-03-30T00:00:00.000Z,2026-03-30T23:59:59.000Z,6288.606574029431,2311.448905768391,5738.474704933193,550.1318690962381,550.1318690962381,0,2201.6462958401958,1761.3170366721524,0,440.3292591680381,109.8026099282,109.8026099282,0,true,analytics-fees-daily-v1
2026-03-31,2026-03-31,2026-03-31,2026-03-31T00:00:00.000Z,2026-03-31T23:59:59.000Z,1920.217373975328,1920.217373975328,1408.5036531616129,511.7137208137152,511.7137208137152,0,1760.6295664520233,1408.5036531616129,0,352.1259132904032,159.587807523312,159.587807523312,0,true,analytics-fees-daily-v1
2026-04-01,2026-04-01,2026-04-01,2026-04-01T00:00:00.000Z,2026-04-01T23:59:59.000Z,2192.032048702694,2192.032048702694,1711.8724936620752,480.1595550406188,480.1595550406188,0,2139.840617077589,1711.8724936620752,0,427.9681234155188,52.1914316251,52.1914316251,0,true,analytics-fees-daily-v1
2026-04-02,2026-04-02,2026-04-02,2026-04-02T00:00:00.000Z,2026-04-02T23:59:59.000Z,2030.1807645001888,2030.1807645001888,1511.024643469271,519.1561210309178,519.1561210309178,0,1888.7808043365933,1511.024643469271,0,377.75616086731776,141.3999601636,141.3999601636,0,true,analytics-fees-daily-v1
2026-04-03,2026-04-03,2026-04-03,2026-04-03T00:00:00.000Z,2026-04-03T23:59:59.000Z,2027.2221276310945,2027.2221276310945,1610.3948229438356,416.8273046872589,416.8273046872589,0,2012.9935286797936,1610.3948229438356,0,402.5987057359589,14.2285989513,14.2285989513,0,true,analytics-fees-daily-v1
2026-04-04,2026-04-04,2026-04-04,2026-04-04T00:00:00.000Z,2026-04-04T23:59:59.000Z,2321.0407657694022,2321.0407657694022,1688.9786970688056,632.0620687005965,632.0620687005965,0,2111.2233713360065,1688.9786970688056,0,422.2446742672014,209.817394433395,209.817394433395,0,true,analytics-fees-daily-v1
2026-04-05,2026-04-05,2026-04-05,2026-04-05T00:00:00.000Z,2026-04-05T23:59:59.000Z,2533.9713343063922,2533.9713343063922,1971.6020498797534,562.3692844266391,562.3692844266391,0,1769.2995327116967,1415.4396261693564,0,353.8599065423391,208.5093778843,208.5093778843,0,true,analytics-fees-daily-v1
2026-04-06,2026-04-06,2026-04-06,2026-04-06T00:00:00.000Z,2026-04-06T23:59:59.000Z,2223.6454297577557,2223.6454297577557,1688.4891886062046,535.1562411515512,535.1562411515512,0,2106.11329033377,1684.8906322670125,0,421.2226580667531,113.933583084798,113.933583084798,0,true,analytics-fees-daily-v1
2026-04-07,2026-04-07,2026-04-07,2026-04-07T00:00:00.000Z,2026-04-07T23:59:59.000Z,3084.723009851369,3084.723009851369,1690.2159976523756,1394.5070121989938,1394.5070121989938,0,2112.76999706547,1690.2159976523756,0,422.5539994130939,971.9530127859,971.9530127859,0,true,analytics-fees-daily-v1
2026-04-08,2026-04-08,2026-04-08,2026-04-08T00:00:00.000Z,2026-04-08T23:59:59.000Z,2316.90773124331,2316.90773124331,1442.8144933204883,874.093237922822,874.093237922822,0,1803.5181166506102,1442.8144933204883,0,360.70362333012207,513.3896145927,513.3896145927,0,true,analytics-fees-daily-v1
2026-04-09,2026-04-09,2026-04-09,2026-04-09T00:00:00.000Z,2026-04-09T23:59:59.000Z,4614.823379695998,2321.8884739580176,3985.004739573138,629.8186401228594,629.8186401228594,0,2095.0700202582198,1676.0560162065776,0,419.0140040516444,210.80463607121501,210.80463607121501,0,true,analytics-fees-daily-v1
2026-04-10,2026-04-10,2026-04-10,2026-04-10T00:00:00.000Z,2026-04-10T23:59:59.000Z,2519.8785330854907,2519.8785330854907,1611.2623780339127,908.6161550515781,908.6161550515781,0,2014.0779725423897,1611.2623780339127,0,402.81559450847817,505.80056054309995,505.80056054309995,0,true,analytics-fees-daily-v1
2026-04-11,2026-04-11,2026-04-11,2026-04-11T00:00:00.000Z,2026-04-11T23:59:59.000Z,2038.4213327185466,2038.4213327185466,1489.7939385065938,548.6273942119528,548.6273942119528,0,1849.6380379727652,1479.7104303782114,0,369.92760759455285,178.6997866174,178.6997866174,0,true,analytics-fees-daily-v1
2026-04-12,2026-04-12,2026-04-12,2026-04-12T00:00:00.000Z,2026-04-12T23:59:59.000Z,2208.355835983398,2208.355835983398,1697.597999830486,510.75783615291175,510.75783615291175,0,2103.7641960390615,1683.011356831247,0,420.75283920781175,90.00499694509999,90.00499694509999,0,true,analytics-fees-daily-v1
2026-04-13,2026-04-13,2026-04-13,2026-04-13T00:00:00.000Z,2026-04-13T23:59:59.000Z,2311.3859698986744,2311.3859698986744,1435.4659739584276,875.9199959402468,875.9199959402468,0,1794.3324674480314,1435.4659739584276,0,358.8664934896069,517.0535024506399,517.0535024506399,0,true,analytics-fees-daily-v1
2026-04-14,2026-04-14,2026-04-14,2026-04-14T00:00:00.000Z,2026-04-14T23:59:59.000Z,33657.39598919454,31226.97397283884,33030.53340214607,626.8625870484683,626.8625870484683,0,2099.0190848918423,1679.215267913473,0,419.8038169783683,207.0587700701,207.0587700701,0,true,analytics-fees-daily-v1
2026-04-15,2026-04-15,2026-04-15,2026-04-15T00:00:00.000Z,2026-04-15T23:59:59.000Z,2309.0550484393098,2309.0550484393098,1714.1111467344215,594.9439017048884,594.9439017048884,0,2142.63893341802,1714.1111467344215,0,428.52778668360537,166.416115021283,166.416115021283,0,true,analytics-fees-daily-v1
2026-04-16,2026-04-16,2026-04-16,2026-04-16T00:00:00.000Z,2026-04-16T23:59:59.000Z,2025.7265195233006,2025.7265195233006,1457.4617632504933,568.2647562728073,568.2647562728073,0,1821.8272040631168,1457.4617632504933,0,364.3654408126233,203.899315460184,203.899315460184,0,true,analytics-fees-daily-v1
2026-04-17,2026-04-17,2026-04-17,2026-04-17T00:00:00.000Z,2026-04-17T23:59:59.000Z,3300.7597150163856,3300.7597150163856,1716.8504012900682,1583.9093137263171,1583.9093137263171,0,2146.0630016125942,1716.8504012900682,0,429.21260032251706,1154.6967134038,1154.6967134038,0,true,analytics-fees-daily-v1
2026-04-18,2026-04-18,2026-04-18,2026-04-18T00:00:00.000Z,2026-04-18T23:59:59.000Z,2018.4159147655387,2018.4159147655387,1565.866729937231,452.5491848283077,452.5491848283077,0,1957.3334124215376,1565.866729937231,0,391.46668248430774,61.082502344,61.082502344,0,true,analytics-fees-daily-v1
2026-04-19,2026-04-19,2026-04-19,2026-04-19T00:00:00.000Z,2026-04-19T23:59:59.000Z,4504.874668147795,1972.554958055875,4044.37446614494,460.500202002855,460.500202002855,0,1890.0684450662782,1512.0547560530201,0,378.01368901325503,82.4865129896,82.4865129896,0,true,analytics-fees-daily-v1
2026-04-20,2026-04-20,2026-04-20,2026-04-20T00:00:00.000Z,2026-04-20T23:59:59.000Z,2206.915184372343,2206.915184372343,1674.1565338286746,532.7586505436686,532.7586505436686,0,2092.6956672858455,1674.1565338286746,0,418.53913345716865,114.2195170865,114.2195170865,0,true,analytics-fees-daily-v1
2026-04-21,2026-04-21,2026-04-21,2026-04-21T00:00:00.000Z,2026-04-21T23:59:59.000Z,1892.544003298219,1892.544003298219,1435.3170751845928,457.2269281136262,457.2269281136262,0,1794.1463439807367,1435.3170751845928,0,358.8292687961482,98.397659317478,98.397659317478,0,true,analytics-fees-daily-v1
2026-04-22,2026-04-22,2026-04-22,2026-04-22T00:00:00.000Z,2026-04-22T23:59:59.000Z,2108.539632701291,2108.539632701291,1633.5991498650326,474.9404828362582,474.9404828362582,0,2041.998937331288,1633.5991498650326,0,408.39978746625815,66.54069537000001,66.54069537000001,0,true,analytics-fees-daily-v1
2026-04-23,2026-04-23,2026-04-23,2026-04-23T00:00:00.000Z,2026-04-23T23:59:59.000Z,2099.8354152537904,2099.8354152537904,1674.6831852500723,425.15223000371805,425.15223000371805,0,2093.3539815625886,1674.6831852500723,0,418.67079631251806,6.4814336912,6.4814336912,0,true,analytics-fees-daily-v1
2026-04-24,2026-04-24,2026-04-24,2026-04-24T00:00:00.000Z,2026-04-24T23:59:59.000Z,3921.653076617656,2181.461002100806,3416.0873126935576,505.56576392409835,505.56576392409835,0,1782.1324177609554,1425.7059342087614,0,356.42648355219035,149.139280371908,149.139280371908,0,true,analytics-fees-daily-v1
2026-04-25,2026-04-25,2026-04-25,2026-04-25T00:00:00.000Z,2026-04-25T23:59:59.000Z,2083.0866036272782,2083.0866036272782,1665.8686161266226,417.2179875006556,417.2179875006556,0,2082.3357701582772,1665.8686161266226,0,416.46715403165564,0.750833469,0.750833469,0,true,analytics-fees-daily-v1
2026-04-26,2026-04-26,2026-04-26,2026-04-26T00:00:00.000Z,2026-04-26T23:59:59.000Z,2469.708955203985,2469.708955203985,1621.739995141268,847.9689600627171,847.9689600627171,0,2027.1749939265833,1621.739995141268,0,405.434998785317,442.5339612774,442.5339612774,0,true,analytics-fees-daily-v1
2026-04-27,2026-04-27,2026-04-27,2026-04-27T00:00:00.000Z,2026-04-27T23:59:59.000Z,1867.7659317777056,1867.7659317777056,1472.8288891640045,394.9370426137011,394.9370426137011,0,1841.0361114550067,1472.8288891640045,0,368.20722229100113,26.7298203227,26.7298203227,0,true,analytics-fees-daily-v1
2026-04-28,2026-04-28,2026-04-28,2026-04-28T00:00:00.000Z,2026-04-28T23:59:59.000Z,2169.2185833217773,2169.2185833217773,1662.4255340056618,506.79304931611546,506.79304931611546,0,2078.0319175070795,1662.4255340056618,0,415.60638350141545,91.18666581469999,91.18666581469999,0,true,analytics-fees-daily-v1
2026-04-29,2026-04-29,2026-04-29,2026-04-29T00:00:00.000Z,2026-04-29T23:59:59.000Z,4927.972102551516,2453.830501371516,4451.902270924095,476.0698316274208,476.0698316274208,0,1976.3305333270948,1581.0644266616832,0,395.2661066654208,80.803724962,80.803724962,0,true,analytics-fees-daily-v1
2026-04-30,2026-04-30,2026-04-30,2026-04-30T00:00:00.000Z,2026-04-30T23:59:59.000Z,2086.492680222318,2086.492680222318,1508.4747769703347,578.0179032519836,578.0179032519836,0,1885.5934712129167,1508.4747769703347,0,377.1186942425837,200.8992090094,200.8992090094,0,true,analytics-fees-daily-v1
2026-05-01,2026-05-01,2026-05-01,2026-05-01T00:00:00.000Z,2026-05-01T23:59:59.000Z,2087.304973897574,2087.304973897574,1656.142792776941,431.16218112063325,431.16218112063325,0,2070.178490971176,1656.142792776941,0,414.03569819423524,17.126482926397998,17.126482926397998,0,true,analytics-fees-daily-v1
2026-05-02,2026-05-02,2026-05-02,2026-05-02T00:00:00.000Z,2026-05-02T23:59:59.000Z,1910.5880414112535,1910.5880414112535,1422.1536042850405,488.4344371262131,488.4344371262131,0,1777.6920053563042,1422.1536042850405,0,355.5384010712601,132.896036054953,132.896036054953,0,true,analytics-fees-daily-v1
2026-05-03,2026-05-03,2026-05-03,2026-05-03T00:00:00.000Z,2026-05-03T23:59:59.000Z,2143.4533562139322,2143.4533562139322,1666.25176290529,477.2015933086423,477.2015933086423,0,2065.333275499716,1652.2666203997692,0,413.0666550999423,64.1349382087,64.1349382087,0,true,analytics-fees-daily-v1
2026-05-04,2026-05-04,2026-05-04,2026-05-04T00:00:00.000Z,2026-05-04T23:59:59.000Z,4215.3319086569,2078.51003290305,3763.752787034752,451.57912162214757,451.57912162214757,0,2010.3274484550068,1608.2619587640063,0,402.0654896910016,49.513631931146,49.513631931146,0,true,analytics-fees-daily-v1
2026-05-05,2026-05-05,2026-05-05,2026-05-05T00:00:00.000Z,2026-05-05T23:59:59.000Z,1987.4717892473363,1987.4717892473363,1488.038680716909,499.43310853042726,499.43310853042726,0,1860.0483508961352,1488.038680716909,0,372.00967017922727,127.42343835119999,127.42343835119999,0,true,analytics-fees-daily-v1
2026-05-06,2026-05-06,2026-05-06,2026-05-06T00:00:00.000Z,2026-05-06T23:59:59.000Z,2194.579553621003,2194.579553621003,1671.3842599732825,523.1952936477206,523.1952936477206,0,2089.230324966602,1671.3842599732825,0,417.8460649933206,105.34922865440001,105.34922865440001,0,true,analytics-fees-daily-v1
2026-05-07,2026-05-07,2026-05-07,2026-05-07T00:00:00.000Z,2026-05-07T23:59:59.000Z,2097.6538118976887,2097.6538118976887,1605.808244869671,491.84556702801774,491.84556702801774,0,2007.2603060870863,1605.808244869671,0,401.45206121741774,90.39350581059999,90.39350581059999,0,true,analytics-fees-daily-v1
2026-05-08,2026-05-08,2026-05-08,2026-05-08T00:00:00.000Z,2026-05-08T23:59:59.000Z,1972.5940309896514,1972.5940309896514,1519.745941327641,452.84808966201024,452.84808966201024,0,1899.6824266595456,1519.745941327641,0,379.93648533191026,72.9116043301,72.9116043301,0,true,analytics-fees-daily-v1
2026-05-09,2026-05-09,2026-05-09,2026-05-09T00:00:00.000Z,2026-05-09T23:59:59.000Z,5296.556059568853,2131.918584071853,4858.495220446156,438.0608391226969,438.0608391226969,0,2117.322181186444,1693.857744949156,0,423.464436237289,14.596402885407901,14.596402885407901,0,true,analytics-fees-daily-v1
2026-05-10,2026-05-10,2026-05-10,2026-05-10T00:00:00.000Z,2026-05-10T23:59:59.000Z,1809.7222230502393,1809.7222230502393,1426.5953608460147,383.12686220422466,383.12686220422466,0,1783.244201057515,1426.5953608460147,0,356.6488402115037,26.478021992720997,26.478021992720997,0,true,analytics-fees-daily-v1
2026-05-11,2026-05-11,2026-05-11,2026-05-11T00:00:00.000Z,2026-05-11T23:59:59.000Z,2158.6681745990813,2158.6681745990813,1684.350836031105,474.31733856797626,474.31733856797626,0,2105.438545038883,1684.350836031105,0,421.08770900777625,53.229629560199996,53.229629560199996,0,true,analytics-fees-daily-v1
2026-05-12,2026-05-12,2026-05-12,2026-05-12T00:00:00.000Z,2026-05-12T23:59:59.000Z,2101.0210972347263,2101.0210972347263,1627.060073608301,473.9610236264253,473.9610236264253,0,2033.8250920103824,1627.060073608301,0,406.76501840207527,67.19600522435,67.19600522435,0,true,analytics-fees-daily-v1
2026-05-13,2026-05-13,2026-05-13,2026-05-13T00:00:00.000Z,2026-05-13T23:59:59.000Z,1881.7045720232306,1881.7045720232306,1482.9616912195445,398.74288080368615,398.74288080368615,0,1853.7021140244287,1482.9616912195445,0,370.7404228048861,28.0024579988,28.0024579988,0,true,analytics-fees-daily-v1
2026-05-14,2026-05-14,2026-05-14,2026-05-14T00:00:00.000Z,2026-05-14T23:59:59.000Z,5379.652434076326,2182.4399299551665,4914.799461556173,464.8529725201533,464.8529725201533,0,2146.9836967937613,1717.5869574350131,0,429.3967393587533,35.4562331614,35.4562331614,0,true,analytics-fees-daily-v1
2026-05-15,2026-05-15,2026-05-15,2026-05-15T00:00:00.000Z,2026-05-15T23:59:59.000Z,2030.024547582511,2030.024547582511,1616.151024481369,413.8735231011422,413.8735231011422,0,2020.18878060171,1616.151024481369,0,404.03775612034224,9.835766980799999,9.835766980799999,0,true,analytics-fees-daily-v1
2026-05-16,2026-05-16,2026-05-16,2026-05-16T00:00:00.000Z,2026-05-16T23:59:59.000Z,1875.8096074992898,1875.8096074992898,1494.9725440445518,380.837063454738,380.837063454738,0,1868.7156800556916,1494.9725440445518,0,373.74313601113795,7.0939274436,7.0939274436,0,true,analytics-fees-daily-v1
2026-05-17,2026-05-17,2026-05-17,2026-05-17T00:00:00.000Z,2026-05-17T23:59:59.000Z,2128.2830272941906,2128.2830272941906,1694.4558618353524,433.82716545883807,433.82716545883807,0,2118.0698272941936,1694.4558618353524,0,423.6139654588381,10.2132,10.2132,0,true,analytics-fees-daily-v1
2026-05-18,2026-05-18,2026-05-18,2026-05-18T00:00:00.000Z,2026-05-18T23:59:59.000Z,1807.2976593302237,1807.2976593302237,1439.780518700835,367.51714062938873,367.51714062938873,0,1799.725648376051,1439.780518700835,0,359.94512967520876,7.57201095418,7.57201095418,0,true,analytics-fees-daily-v1
2026-05-19,2026-05-19,2026-05-19,2026-05-19T00:00:00.000Z,2026-05-19T23:59:59.000Z,4261.972555049515,2075.584401233335,3834.6097272041534,427.36282784536206,427.36282784536206,0,2058.2373157643106,1646.5898526114484,0,411.6474631528621,15.7153646925,15.7153646925,0,true,analytics-fees-daily-v1
2026-05-20,2026-05-20,2026-05-20,2026-05-20T00:00:00.000Z,2026-05-20T23:59:59.000Z,2091.506057613815,2091.506057613815,1671.307317054617,420.19874055919774,420.19874055919774,0,2086.8166006239844,1669.453280499191,0,417.3633201247977,2.8354204344,2.8354204344,0,true,analytics-fees-daily-v1
2026-05-21,2026-05-21,2026-05-21,2026-05-21T00:00:00.000Z,2026-05-21T23:59:59.000Z,1791.4787322043355,1791.4787322043355,1405.0818320557885,386.3969001485471,386.3969001485471,0,1756.352290069735,1405.0818320557885,0,351.2704580139471,35.1264421346,35.1264421346,0,true,analytics-fees-daily-v1
2026-05-22,2026-05-22,2026-05-22,2026-05-22T00:00:00.000Z,2026-05-22T23:59:59.000Z,2110.5471170823025,2110.5471170823025,1678.581011034162,431.9661060481405,431.9661060481405,0,2098.2262637927047,1678.581011034162,0,419.6452527585405,12.3208532896,12.3208532896,0,true,analytics-fees-daily-v1
2026-05-23,2026-05-23,2026-05-23,2026-05-23T00:00:00.000Z,2026-05-23T23:59:59.000Z,3396.230283293905,3396.230283293905,2385.0983885384894,1011.1318947554157,1011.1318947554157,0,1990.7550676999797,1592.6040541599825,0,398.15101353999563,612.98088121542,612.98088121542,0,true,analytics-fees-daily-v1
2026-05-24,2026-05-24,2026-05-24,2026-05-24T00:00:00.000Z,2026-05-24T23:59:59.000Z,4303.713095981645,1886.7243238790652,3909.1119992646204,394.601096717025,394.601096717025,0,1849.1648418981274,1479.3318735184998,0,369.83296837962496,24.7681283374,24.7681283374,0,true,analytics-fees-daily-v1
2026-05-25,2026-05-25,2026-05-25,2026-05-25T00:00:00.000Z,2026-05-25T23:59:59.000Z,2155.1921276886223,2155.1921276886223,1672.7992010636178,482.39292662500446,482.39292662500446,0,2090.9990013295233,1672.7992010636178,0,418.19980026590446,64.1931263591,64.1931263591,0,true,analytics-fees-daily-v1
2026-05-26,2026-05-26,2026-05-26,2026-05-26T00:00:00.000Z,2026-05-26T23:59:59.000Z,1837.5344305186693,1837.5344305186693,1461.5951684998154,375.93926201885387,375.93926201885387,0,1826.9939606247701,1461.5951684998154,0,365.39879212495384,10.5404698939,10.5404698939,0,true,analytics-fees-daily-v1
2026-05-27,2026-05-27,2026-05-27,2026-05-27T00:00:00.000Z,2026-05-27T23:59:59.000Z,2164.8455599805657,2164.8455599805657,1718.7935806961323,446.0519792844333,446.0519792844333,0,2029.1476680711671,1623.3181344569332,0,405.8295336142333,40.2224456702,40.2224456702,0,true,analytics-fees-daily-v1
2026-05-28,2026-05-28,2026-05-28,2026-05-28T00:00:00.000Z,2026-05-28T23:59:59.000Z,3258.538256572767,3258.538256572767,2820.182478842149,438.35577773061755,438.35577773061755,0,2064.5606356125854,1651.6485084900703,0,412.9121271225176,25.4436506081,25.4436506081,0,true,analytics-fees-daily-v1
2026-05-29,2026-05-29,2026-05-29,2026-05-29T00:00:00.000Z,2026-05-29T23:59:59.000Z,4400.235857899498,1794.097422396238,4036.80474777609,363.43111012340756,363.43111012340756,0,1788.3328903410393,1430.6663122728303,0,357.66657806820757,5.7645320552,5.7645320552,0,true,analytics-fees-daily-v1
2026-05-30,2026-05-30,2026-05-30,2026-05-30T00:00:00.000Z,2026-05-30T23:59:59.000Z,2420.1357444853484,2420.1357444853484,1695.4748080634788,724.6609364218697,724.6609364218697,0,2119.3435100793536,1695.4748080634788,0,423.8687020158697,300.792234406,300.792234406,0,true,analytics-fees-daily-v1
2026-05-31,2026-05-31,2026-05-31,2026-05-31T00:00:00.000Z,2026-05-31T23:59:59.000Z,2087.059100560533,2087.059100560533,1618.6628534285862,468.39624713194655,468.39624713194655,0,2023.3285667857308,1618.6628534285862,0,404.66571335714656,63.7305337748,63.7305337748,0,true,analytics-fees-daily-v1
2026-06-01,2026-06-01,2026-06-01,2026-06-01T00:00:00.000Z,2026-06-01T23:59:59.000Z,2201.815709329856,2201.815709329856,1735.0887078967253,466.72700143313045,466.72700143313045,0,1895.7285100711536,1516.582808056922,0,379.1457020142305,87.58129941889999,87.58129941889999,0,true,analytics-fees-daily-v1
2026-06-02,2026-06-02,2026-06-02,2026-06-02T00:00:00.000Z,2026-06-02T23:59:59.000Z,4674.362480256949,4674.362480256949,4231.673632317643,442.6888479393062,442.6888479393062,0,2095.793101615532,1676.6344812924247,0,419.15862032310616,23.530227616199998,23.530227616199998,0,true,analytics-fees-daily-v1
2026-06-03,2026-06-03,2026-06-03,2026-06-03T00:00:00.000Z,2026-06-03T23:59:59.000Z,5855.80288244184,3520.99929788897,5326.210267002854,529.5926154389858,529.5926154389858,0,1921.2829142544344,1537.0263314035433,0,384.2565828508858,145.3360325881,145.3360325881,0,true,analytics-fees-daily-v1
2026-06-04,2026-06-04,2026-06-04,2026-06-04T00:00:00.000Z,2026-06-04T23:59:59.000Z,12080.084737186819,12080.084737186819,11384.992950499895,695.0917866869236,695.0917866869236,0,1775.5646328716166,1420.4517062972943,0,355.1129265743236,339.9788601126,339.9788601126,0,true,analytics-fees-daily-v1
2026-06-05,2026-06-05,2026-06-05,2026-06-05T00:00:00.000Z,2026-06-05T23:59:59.000Z,12029.002150931396,12029.002150931396,11241.801544799762,787.2006061316324,787.2006061316324,0,2093.944812495255,1675.1558499962014,0,418.78896249905034,368.411643632582,368.411643632582,0,true,analytics-fees-daily-v1
2026-06-06,2026-06-06,2026-06-06,2026-06-06T00:00:00.000Z,2026-06-06T23:59:59.000Z,4663.213018151419,4663.213018151419,4247.241010271692,415.97200787972747,415.97200787972747,0,1624.4745409797422,1299.5796327837938,0,324.89490819594846,91.077099683779,91.077099683779,0,true,analytics-fees-daily-v1
2026-06-07,2026-06-07,2026-06-07,2026-06-07T00:00:00.000Z,2026-06-07T23:59:59.000Z,1884.353053362875,1884.353053362875,1450.15997519358,434.193078169295,434.193078169295,0,1812.6999689919762,1450.15997519358,0,362.539993798395,71.6530843709,71.6530843709,0,true,analytics-fees-daily-v1
2026-06-08,2026-06-08,2026-06-08,2026-06-08T00:00:00.000Z,2026-06-08T23:59:59.000Z,3019.870869181201,1792.2614259987013,2643.210250067541,376.66061911366023,376.66061911366023,0,1769.5010086062996,1415.600806885041,0,353.90020172126026,22.7604173924,22.7604173924,0,true,analytics-fees-daily-v1
2026-06-09,2026-06-09,2026-06-09,2026-06-09T00:00:00.000Z,2026-06-09T23:59:59.000Z,1670.2638260103915,1670.2638260103915,1334.9252368851132,335.3385891252783,335.3385891252783,0,1668.6565461063888,1334.9252368851132,0,333.7313092212783,1.607279904,1.607279904,0,true,analytics-fees-daily-v1
2026-06-10,2026-06-10,2026-06-10,2026-06-10T00:00:00.000Z,2026-06-10T23:59:59.000Z,1908.9745893665743,1908.9745893665743,1536.4287149209338,372.54587444564055,372.54587444564055,0,1856.7740506867115,1485.4192405493623,0,371.35481013734056,1.1910643083,1.1910643083,0,true,analytics-fees-daily-v1
2026-06-11,2026-06-11,2026-06-11,2026-06-11T00:00:00.000Z,2026-06-11T23:59:59.000Z,1785.3414667250843,1785.3414667250843,1418.6284332708674,366.7130334542168,366.7130334542168,0,1773.285541588585,1418.6284332708674,0,354.65710831771685,12.055925136499999,12.055925136499999,0,true,analytics-fees-daily-v1
2026-06-12,2026-06-12,2026-06-12,2026-06-12T00:00:00.000Z,2026-06-12T23:59:59.000Z,1737.1619388741262,1737.1619388741262,1369.9841578380585,367.1777810360677,367.1777810360677,0,1655.0396432618406,1324.0317146094708,0,331.0079286523677,36.169852383700004,36.169852383700004,0,true,analytics-fees-daily-v1
2026-06-13,2026-06-13,2026-06-13,2026-06-13T00:00:00.000Z,2026-06-13T23:59:59.000Z,3813.2884938444286,1889.7542511280685,3409.959493821055,403.3290000233736,403.3290000233736,0,1858.0315638808663,1486.4252511046946,0,371.60631277617364,31.7226872472,31.7226872472,0,true,analytics-fees-daily-v1
2026-06-14,2026-06-14,2026-06-14,2026-06-14T00:00:00.000Z,2026-06-14T23:59:59.000Z,1602.4189262794564,1602.4189262794564,1277.706229640765,324.7126966386913,324.7126966386913,0,1597.132787050956,1277.706229640765,0,319.42655741019126,5.2861392285,5.2861392285,0,true,analytics-fees-daily-v1
2026-06-15,2026-06-15,2026-06-15,2026-06-15T00:00:00.000Z,2026-06-15T23:59:59.000Z,1875.6919022437817,1875.6919022437817,1473.7716505982253,401.92025164555633,401.92025164555633,0,1842.2145632477843,1473.7716505982253,0,368.4429126495563,33.477338996,33.477338996,0,true,analytics-fees-daily-v1
2026-06-16,2026-06-16,2026-06-16,2026-06-16T00:00:00.000Z,2026-06-16T23:59:59.000Z,1893.5902941980753,1893.5902941980753,1512.2677691107801,381.32252508729505,381.32252508729505,0,1890.3347113884797,1512.2677691107801,0,378.06694227769503,3.2555828096,3.2555828096,0,true,analytics-fees-daily-v1
2026-06-17,2026-06-17,2026-06-17,2026-06-17T00:00:00.000Z,2026-06-17T23:59:59.000Z,1635.325264459616,1635.325264459616,1285.2512215484928,350.07404291112323,350.07404291112323,0,1606.5640269356181,1285.2512215484928,0,321.3128053871232,28.761237524000002,28.761237524000002,0,true,analytics-fees-daily-v1
2026-06-18,2026-06-18,2026-06-18,2026-06-18T00:00:00.000Z,2026-06-18T23:59:59.000Z,3942.552278996624,1971.497945029604,3502.7259770376,439.8263019590242,439.8263019590242,0,1914.5895538382265,1531.6716430705799,0,382.91791076764497,56.9083911913792,56.9083911913792,0,true,analytics-fees-daily-v1
2026-06-19,2026-06-19,2026-06-19,2026-06-19T00:00:00.000Z,2026-06-19T23:59:59.000Z,1632.0081989802893,1632.0081989802893,1284.4883709243913,347.51982805589785,347.51982805589785,0,1605.6104636554896,1284.4883709243913,0,321.12209273109784,26.3977353248,26.3977353248,0,true,analytics-fees-daily-v1
2026-06-20,2026-06-20,2026-06-20,2026-06-20T00:00:00.000Z,2026-06-20T23:59:59.000Z,1863.1134737083648,1863.1134737083648,1473.7432071662768,389.3702665420882,389.3702665420882,0,1842.1790089578496,1473.7432071662768,0,368.4358017915692,20.934464750519002,20.934464750519002,0,true,analytics-fees-daily-v1
2026-06-21,2026-06-21,2026-06-21,2026-06-21T00:00:00.000Z,2026-06-21T23:59:59.000Z,2145.533866626047,2145.533866626047,1502.3573613604824,643.1765052655646,643.1765052655646,0,1875.5698580343224,1500.4558864274586,0,375.11397160686465,268.0625336587,268.0625336587,0,true,analytics-fees-daily-v1
2026-06-22,2026-06-22,2026-06-22,2026-06-22T00:00:00.000Z,2026-06-22T23:59:59.000Z,1619.8087800490275,1619.8087800490275,1279.814226614502,339.9945534345255,339.9945534345255,0,1599.7677832681306,1279.814226614502,0,319.9535566536255,20.0409967809,20.0409967809,0,true,analytics-fees-daily-v1
2026-06-23,2026-06-23,2026-06-23,2026-06-23T00:00:00.000Z,2026-06-23T23:59:59.000Z,4644.014350816055,3003.945537616535,4256.20719509991,387.80715571614564,387.80715571614564,0,1818.0489600682295,1454.4391680545825,0,363.60979201364563,24.197363702500002,24.197363702500002,0,true,analytics-fees-daily-v1
2026-06-24,2026-06-24,2026-06-24,2026-06-24T00:00:00.000Z,2026-06-24T23:59:59.000Z,5478.259332294311,5478.259332294311,5123.2005285899595,355.0588037043513,355.0588037043513,0,1736.3138506977582,1389.0510805582053,0,347.2627701395513,7.7960335648,7.7960335648,0,true,analytics-fees-daily-v1
2026-06-25,2026-06-25,2026-06-25,2026-06-25T00:00:00.000Z,2026-06-25T23:59:59.000Z,1652.2415971288747,1652.2415971288747,1321.9565010138665,330.2850961150082,330.2850961150082,0,1651.425480575042,1321.1403844600327,0,330.2850961150082,0,0,0,true,analytics-fees-daily-v1
2026-06-26,2026-06-26,2026-06-26,2026-06-26T00:00:00.000Z,2026-06-26T23:59:59.000Z,2622.8486959443817,2622.8486959443817,2262.463409917903,360.38528602647864,360.38528602647864,0,1774.023537156397,1419.2188297251146,0,354.80470743127864,5.5805785952,5.5805785952,0,true,analytics-fees-daily-v1
2026-06-27,2026-06-27,2026-06-27,2026-06-27T00:00:00.000Z,2026-06-27T23:59:59.000Z,1575.2915022569637,1575.2915022569637,1233.2489708121868,342.0425314447767,342.0425314447767,0,1541.561213515233,1233.2489708121868,0,308.3122427030467,33.73028874173,33.73028874173,0,true,analytics-fees-daily-v1
2026-06-28,2026-06-28,2026-06-28,2026-06-28T00:00:00.000Z,2026-06-28T23:59:59.000Z,2913.5248098240754,1772.0201094042754,2553.5314204321803,359.9933893918951,359.9933893918951,0,1765.0334000154742,1412.0267200123803,0,353.0066800030951,6.9867093888,6.9867093888,0,true,analytics-fees-daily-v1
2026-06-29,2026-06-29,2026-06-29,2026-06-29T00:00:00.000Z,2026-06-29T23:59:59.000Z,1801.3059282627214,1801.3059282627214,1441.044742610177,360.26118565254427,360.26118565254427,0,1801.3059282627266,1441.044742610177,0,360.26118565254427,0,0,0,true,analytics-fees-daily-v1
2026-06-30,2026-06-30,2026-06-30,2026-06-30T00:00:00.000Z,2026-06-30T23:59:59.000Z,1537.1630693171803,1537.1630693171803,1229.7304554537443,307.4326138634361,307.4326138634361,0,1537.1630693171794,1229.7304554537443,0,307.4326138634361,0,0,0,true,analytics-fees-daily-v1
2026-07-01,2026-07-01,2026-07-01,2026-07-01T00:00:00.000Z,2026-07-01T23:59:59.000Z,2684.133156223147,2684.133156223147,2147.3065249785177,536.8266312446294,536.8266312446294,0,2684.1331562231453,2147.3065249785177,0,536.8266312446294,0,0,0,true,analytics-fees-daily-v1
2026-07-02,2026-07-02,2026-07-02,2026-07-02T00:00:00.000Z,2026-07-02T23:59:59.000Z,2369.1719227356175,2369.1719227356175,1895.3375381884941,473.83438454712353,473.83438454712353,0,2369.171922735614,1895.3375381884941,0,473.83438454712353,0,0,0,true,analytics-fees-daily-v1
2026-07-03,2026-07-03,2026-07-03,2026-07-03T00:00:00.000Z,2026-07-03T23:59:59.000Z,4424.805627605332,2166.967512167172,3991.412125171898,433.3935024334345,433.3935024334345,0,2166.9675121671694,1733.574009733738,0,433.3935024334345,0,0,0,true,analytics-fees-daily-v1
2026-07-04,2026-07-04,2026-07-04,2026-07-04T00:00:00.000Z,2026-07-04T23:59:59.000Z,2234.5180761594834,2234.5180761594834,1787.6144609275868,446.9036152318967,446.9036152318967,0,2234.5180761594893,1787.6144609275868,0,446.9036152318967,0,0,0,true,analytics-fees-daily-v1
2026-07-05,2026-07-05,2026-07-05,2026-07-05T00:00:00.000Z,2026-07-05T23:59:59.000Z,1761.5411129428917,1761.5411129428917,1409.2328903543134,352.30822258857836,352.30822258857836,0,1761.5411129428912,1409.2328903543134,0,352.30822258857836,0,0,0,true,analytics-fees-daily-v1
2026-07-06,2026-07-06,2026-07-06,2026-07-06T00:00:00.000Z,2026-07-06T23:59:59.000Z,2016.8623879646198,2016.8623879646198,1613.4899103716957,403.37247759292393,403.37247759292393,0,2016.862387964623,1613.4899103716957,0,403.37247759292393,0,0,0,true,analytics-fees-daily-v1
2026-07-07,2026-07-07,2026-07-07,2026-07-07T00:00:00.000Z,2026-07-07T23:59:59.000Z,2007.8995672606425,2007.8995672606425,1606.319653808514,401.5799134521285,401.5799134521285,0,2007.8995672606347,1606.319653808514,0,401.5799134521285,0,0,0,true,analytics-fees-daily-v1
2026-07-08,2026-07-08,2026-07-08,2026-07-08T00:00:00.000Z,2026-07-08T23:59:59.000Z,3176.551255361325,1796.938658226525,2817.16352371602,359.38773164530494,359.38773164530494,0,1796.9386582265263,1437.5509265812198,0,359.38773164530494,0,0,0,true,analytics-fees-daily-v1
2026-07-09,2026-07-09,2026-07-09,2026-07-09T00:00:00.000Z,2026-07-09T23:59:59.000Z,1995.6000846280708,1995.6000846280708,1596.4800677024566,399.12001692561415,399.12001692561415,0,1995.6000846280667,1596.4800677024566,0,399.12001692561415,0,0,0,true,analytics-fees-daily-v1
2026-07-10,2026-07-10,2026-07-10,2026-07-10T00:00:00.000Z,2026-07-10T23:59:59.000Z,1899.3151249498885,1899.3151249498885,1519.4520999599108,379.8630249899777,379.8630249899777,0,1899.3151249498915,1519.4520999599108,0,379.8630249899777,0,0,0,true,analytics-fees-daily-v1
2026-07-11,2026-07-11,2026-07-11,2026-07-11T00:00:00.000Z,2026-07-11T23:59:59.000Z,1917.072690705247,1917.072690705247,1533.6581525641975,383.4145381410494,383.4145381410494,0,1917.0726907052515,1533.6581525641975,0,383.4145381410494,0,0,0,true,analytics-fees-daily-v1
2026-07-12,2026-07-12,2026-07-12,2026-07-12T00:00:00.000Z,2026-07-12T23:59:59.000Z,1965.6761612679031,1965.6761612679031,1572.5409290143225,393.1352322535806,393.1352322535806,0,1965.6761612679027,1572.5409290143225,0,393.1352322535806,0,0,0,true,analytics-fees-daily-v1
2026-07-13,2026-07-13,2026-07-13,2026-07-13T00:00:00.000Z,2026-07-13T23:59:59.000Z,3322.458976221223,1712.967256092623,2979.8655250026986,342.59345121852465,342.59345121852465,0,1712.967256092627,1370.3738048740986,0,342.59345121852465,0,0,0,true,analytics-fees-daily-v1
2026-07-14,2026-07-14,2026-07-14,2026-07-14T00:00:00.000Z,2026-07-14T23:59:59.000Z,2157.63990568647,2157.63990568647,1726.111924549176,431.527981137294,431.527981137294,0,2157.6399056864648,1726.111924549176,0,431.527981137294,0,0,0,true,analytics-fees-daily-v1
2026-07-15,2026-07-15,2026-07-15,2026-07-15T00:00:00.000Z,2026-07-15T23:59:59.000Z,2330.4609557034405,2330.4609557034405,1864.3687645627524,466.0921911406881,466.0921911406881,0,2330.4609557034432,1864.3687645627524,0,466.0921911406881,0,0,0,true,analytics-fees-daily-v1
2026-07-16,2026-07-16,2026-07-16,2026-07-16T00:00:00.000Z,2026-07-16T23:59:59.000Z,1775.6055256751213,1775.6055256751213,1420.484420540097,355.12110513502427,355.12110513502427,0,1775.6055256751179,1420.484420540097,0,355.12110513502427,0,0,0,true,analytics-fees-daily-v1
2026-07-17,2026-07-17,2026-07-17,2026-07-17T00:00:00.000Z,2026-07-17T23:59:59.000Z,1967.0706743391538,1967.0706743391538,1578.1439248470695,388.92674949208435,388.92674949208435,0,1944.6337474604181,1555.7069979683374,0,388.92674949208435,0,0,0,true,analytics-fees-daily-v1
2026-07-18,2026-07-18,2026-07-18,2026-07-18T00:00:00.000Z,2026-07-18T23:59:59.000Z,3356.1186710307243,2100.8482616861043,2990.4670802045193,365.65159082620505,365.65159082620505,0,1828.257954131023,1462.6063633048202,0,365.65159082620505,0,0,0,true,analytics-fees-daily-v1
2026-07-19,2026-07-19,2026-07-19,2026-07-19T00:00:00.000Z,2026-07-19T23:59:59.000Z,1839.0805456947494,1839.0805456947494,1479.9325036273792,359.1480420673702,359.1480420673702,0,1795.7402103368545,1436.592168269481,0,359.1480420673702,0,0,0,true,analytics-fees-daily-v1
2026-07-20,2026-07-20,2026-07-20,2026-07-20T00:00:00.000Z,2026-07-20T23:59:59.000Z,46878.05135830163,46878.05135830163,46443.228380973385,434.822977328242,434.822977328242,0,2174.114886641203,1739.291909312968,0,434.822977328242,0,0,0,true,analytics-fees-daily-v1
2026-07-21,2026-07-21,2026-07-21,2026-07-21T00:00:00.000Z,2026-07-21T23:59:59.000Z,12878.444158015318,12878.444158015318,12506.79584330214,371.64831471317785,371.64831471317785,0,1858.241573565886,1486.5932588527114,0,371.64831471317785,0,0,0,true,analytics-fees-daily-v1
2026-07-22,2026-07-22,2026-07-22,2026-07-22T00:00:00.000Z,2026-07-22T23:59:59.000Z,2901.600523337323,2901.600523337323,2558.091803808851,343.50871952847166,343.50871952847166,0,1717.543597642356,1374.0348781138866,0,343.50871952847166,0,0,0,true,analytics-fees-daily-v1
2026-07-23,2026-07-23,2026-07-23,2026-07-23T00:00:00.000Z,2026-07-23T23:59:59.000Z,3631.4660097854385,1858.9592268933784,3259.674164406763,371.7918453786757,371.7918453786757,0,1858.9592268933811,1487.1673815147028,0,371.7918453786757,0,0,0,true,analytics-fees-daily-v1
2026-07-24,2026-07-24,2026-07-24,2026-07-24T00:00:00.000Z,2026-07-24T23:59:59.000Z,1587.1381630124497,1587.1381630124497,1269.7105304099598,317.42763260248995,317.42763260248995,0,1587.138163012451,1269.7105304099598,0,317.42763260248995,0,0,0,true,analytics-fees-daily-v1
2026-07-25,2026-07-25,2026-07-25,2026-07-25T00:00:00.000Z,2026-07-25T23:59:59.000Z,2045.7663005885147,2045.7663005885147,1683.7360707794035,362.03022980911123,362.03022980911123,0,1810.1511490455578,1448.120919236445,0,362.03022980911123,0,0,0,true,analytics-fees-daily-v1
2026-07-26,2026-07-26,2026-07-26,2026-07-26T00:00:00.000Z,2026-07-26T23:59:59.000Z,1803.949538295894,1803.949538295894,1443.159630636715,360.78990765917877,360.78990765917877,0,1803.9495382958921,1443.159630636715,0,360.78990765917877,0,0,0,true,analytics-fees-daily-v1
2026-07-27,2026-07-27,2026-07-27,2026-07-27T00:00:00.000Z,2026-07-27T23:59:59.000Z,2762.6264029047766,2762.6264029047766,2418.8416673465244,343.7847355582521,343.7847355582521,0,1718.9236777912624,1375.1389422330085,0,343.7847355582521,0,0,0,true,analytics-fees-daily-v1
2026-07-28,2026-07-28,2026-07-28,2026-07-28T00:00:00.000Z,2026-07-28T23:59:59.000Z,3216.8530342725417,1757.1635193307616,2865.4203304063894,351.4327038661524,351.4327038661524,0,1757.1635193307593,1405.7308154646096,0,351.4327038661524,0,0,0,true,analytics-fees-daily-v1
