timestamp,scope,marketId,marketBorrowNative,loanDebtNative,loanAdjustedDebtNative,minInterestFloorNative,marketBorrowInUsd,loanDebtInUsd,loanAdjustedDebtInUsd,minInterestFloorInUsd,adjustedDifferenceInUsd,adjustedCoveragePercent,classification
2026-07-16T15:49:00.420Z,market,Ada,0,585133.8119621298,585133.8119621298,0,0,0,0,0,0,,reconciled
2026-07-16T15:49:00.420Z,market,BTC,0,31219.56722382,31219.56722382,0,0,0,0,0,0,,reconciled
2026-07-16T15:49:00.420Z,market,DAI,0,11.336161,11.336161,0,0,0,0,0,0,,reconciled
2026-07-16T15:49:00.420Z,market,DJED,0,926718.3800765953,926718.3800765953,0,0,0,0,0,0,,reconciled
2026-07-16T15:49:00.420Z,market,ERG,0,2242.0362814690266,2242.0362814690266,0,0,0,0,0,0,,reconciled
2026-07-16T15:49:00.420Z,market,ETH,0,2925.6349373240005,2925.6349373240005,0,0,0,0,0,0,,reconciled
2026-07-16T15:49:00.420Z,market,IAG,0,4041.1988268127516,4041.1988268127516,0,0,0,0,0,0,,reconciled
2026-07-16T15:49:00.420Z,market,IUSD,0,116556.78780968928,116556.78780968928,0,0,0,0,0,0,,reconciled
2026-07-16T15:49:00.420Z,market,MIN,0,16409.310765371876,16409.310765371876,0,0,0,0,0,0,,reconciled
2026-07-16T15:49:00.420Z,market,NIGHT,0,19106.47649624112,19106.47649624112,0,0,0,0,0,0,,reconciled
2026-07-16T15:49:00.420Z,market,SHEN,0,2297.91816973831,2297.91816973831,0,0,0,0,0,0,,reconciled
2026-07-16T15:49:00.420Z,market,SNEK,0,16976.4920424,16976.4920424,0,0,0,0,0,0,,reconciled
2026-07-16T15:49:00.420Z,market,USDA,0,626124.6203889998,626124.6203889998,0,0,0,0,0,0,,reconciled
2026-07-16T15:49:00.420Z,market,USDC,0,428530.23252852005,428530.23252852005,0,0,0,0,0,0,,reconciled
2026-07-16T15:49:00.420Z,market,USDCx,0,735476.3399790003,735476.3399790003,0,0,0,0,0,0,,reconciled
2026-07-16T15:49:00.420Z,market,USDCx-USDM-SUNDAE-LP-STABLESWAP,0,74619.7307129225,74619.7307129225,0,0,0,0,0,0,,reconciled
2026-07-16T15:49:00.420Z,market,USDM,0,158183.59892699993,158183.59892699993,0,0,0,0,0,0,,reconciled
2026-07-16T15:49:00.420Z,market,USDT,0,353092.47276216996,353092.47276216996,0,0,0,0,0,0,,reconciled
2026-07-16T15:49:00.420Z,protocol,,0,4099665.9460512036,4099665.9460512036,0,0,0,0,0,0,,reconciled
2026-07-16T18:02:47.025Z,market,Ada,0,582031.8290457499,582031.8290457499,0,0,0,0,0,0,,reconciled
2026-07-16T18:02:47.025Z,market,BTC,0,31348.072491900002,31348.072491900002,0,0,0,0,0,0,,reconciled
2026-07-16T18:02:47.025Z,market,DAI,0,11.336447,11.336447,0,0,0,0,0,0,,reconciled
2026-07-16T18:02:47.025Z,market,DJED,0,924428.7631181817,924428.7631181817,0,0,0,0,0,0,,reconciled
2026-07-16T18:02:47.025Z,market,ERG,0,2237.259827205492,2237.259827205492,0,0,0,0,0,0,,reconciled
2026-07-16T18:02:47.025Z,market,ETH,0,2920.067781085,2920.067781085,0,0,0,0,0,0,,reconciled
2026-07-16T18:02:47.025Z,market,IAG,0,4009.449770922346,4009.449770922346,0,0,0,0,0,0,,reconciled
2026-07-16T18:02:47.025Z,market,IUSD,0,115940.90847555615,115940.90847555615,0,0,0,0,0,0,,reconciled
2026-07-16T18:02:47.025Z,market,MIN,0,16304.439291690482,16304.439291690482,0,0,0,0,0,0,,reconciled
2026-07-16T18:02:47.025Z,market,NIGHT,0,18944.728693328547,18944.728693328547,0,0,0,0,0,0,,reconciled
2026-07-16T18:02:47.025Z,market,SHEN,0,2285.6191498917,2285.6191498917,0,0,0,0,0,0,,reconciled
2026-07-16T18:02:47.025Z,market,SNEK,0,16527.76420763,16527.76420763,0,0,0,0,0,0,,reconciled
2026-07-16T18:02:47.025Z,market,USDA,0,626218.5984750001,626218.5984750001,0,0,0,0,0,0,,reconciled
2026-07-16T18:02:47.025Z,market,USDC,0,428572.53109676,428572.53109676,0,0,0,0,0,0,,reconciled
2026-07-16T18:02:47.025Z,market,USDCx,0,735500.92502,735500.92502,0,0,0,0,0,0,,reconciled
2026-07-16T18:02:47.025Z,market,USDCx-USDM-SUNDAE-LP-STABLESWAP,0,74619.7307129225,74619.7307129225,0,0,0,0,0,0,,reconciled
2026-07-16T18:02:47.025Z,market,USDM,0,158200.42112299998,158200.42112299998,0,0,0,0,0,0,,reconciled
2026-07-16T18:02:47.025Z,market,USDT,0,353092.47276216996,353092.47276216996,0,0,0,0,0,0,,reconciled
2026-07-16T18:02:47.025Z,protocol,,0,4093194.9174899934,4093194.9174899934,0,0,0,0,0,0,,reconciled
2026-07-16T18:44:35.371Z,market,Ada,0,578406.8322682196,578406.8322682196,0,0,0,0,0,0,,reconciled
2026-07-16T18:44:35.371Z,market,BTC,0,31078.223779940003,31078.223779940003,0,0,0,0,0,0,,reconciled
2026-07-16T18:44:35.371Z,market,DAI,0,11.336447,11.336447,0,0,0,0,0,0,,reconciled
2026-07-16T18:44:35.371Z,market,DJED,0,921342.033462925,921342.033462925,0,0,0,0,0,0,,reconciled
2026-07-16T18:44:35.371Z,market,ERG,0,2239.598142938734,2239.598142938734,0,0,0,0,0,0,,reconciled
2026-07-16T18:44:35.371Z,market,ETH,0,2903.7458690800004,2903.7458690800004,0,0,0,0,0,0,,reconciled
2026-07-16T18:44:35.371Z,market,IAG,0,3964.5007824590907,3964.5007824590907,0,0,0,0,0,0,,reconciled
2026-07-16T18:44:35.371Z,market,IUSD,0,115398.69714551535,115398.69714551535,0,0,0,0,0,0,,reconciled
2026-07-16T18:44:35.371Z,market,MIN,0,16203.787887894336,16203.787887894336,0,0,0,0,0,0,,reconciled
2026-07-16T18:44:35.371Z,market,NIGHT,0,18860.69557846019,18860.69557846019,0,0,0,0,0,0,,reconciled
2026-07-16T18:44:35.371Z,market,SHEN,0,2281.0772845314,2281.0772845314,0,0,0,0,0,0,,reconciled
2026-07-16T18:44:35.371Z,market,SNEK,0,16517.167109430004,16517.167109430004,0,0,0,0,0,0,,reconciled
2026-07-16T18:44:35.371Z,market,USDA,0,626218.5984750001,626218.5984750001,0,0,0,0,0,0,,reconciled
2026-07-16T18:44:35.371Z,market,USDC,0,428572.53109676,428572.53109676,0,0,0,0,0,0,,reconciled
2026-07-16T18:44:35.371Z,market,USDCx,0,735500.9250200001,735500.9250200001,0,0,0,0,0,0,,reconciled
2026-07-16T18:44:35.371Z,market,USDCx-USDM-SUNDAE-LP-STABLESWAP,0,74619.7307129225,74619.7307129225,0,0,0,0,0,0,,reconciled
2026-07-16T18:44:35.371Z,market,USDM,0,158200.42112299998,158200.42112299998,0,0,0,0,0,0,,reconciled
2026-07-16T18:44:35.371Z,market,USDT,0,353134.9296603599,353134.9296603599,0,0,0,0,0,0,,reconciled
2026-07-16T18:44:35.371Z,protocol,,0,4085454.831846436,4085454.831846436,0,0,0,0,0,0,,reconciled
2026-07-17T14:40:49.241Z,market,Ada,0,571986.2647569827,571986.2647569827,0,0,0,0,0,0,,reconciled
2026-07-17T14:40:49.241Z,market,BTC,0,30637.824297149997,30637.824297149997,0,0,0,0,0,0,,reconciled
2026-07-17T14:40:49.241Z,market,DAI,0,11.337807,11.337807,0,0,0,0,0,0,,reconciled
2026-07-17T14:40:49.241Z,market,DJED,0,925345.8484325649,925345.8484325649,0,0,0,0,0,0,,reconciled
2026-07-17T14:40:49.241Z,market,ERG,0,2215.1068061283777,2215.1068061283777,0,0,0,0,0,0,,reconciled
2026-07-17T14:40:49.241Z,market,ETH,0,2837.3478316560004,2837.3478316560004,0,0,0,0,0,0,,reconciled
2026-07-17T14:40:49.241Z,market,IAG,0,4161.852783218699,4161.852783218699,0,0,0,0,0,0,,reconciled
2026-07-17T14:40:49.241Z,market,IUSD,0,116593.37263298428,116593.37263298428,0,0,0,0,0,0,,reconciled
2026-07-17T14:40:49.241Z,market,MIN,0,17224.859533861094,17224.859533861094,0,0,0,0,0,0,,reconciled
2026-07-17T14:40:49.241Z,market,NIGHT,0,17724.037745775237,17724.037745775237,0,0,0,0,0,0,,reconciled
2026-07-17T14:40:49.241Z,market,SHEN,0,2233.93701306704,2233.93701306704,0,0,0,0,0,0,,reconciled
2026-07-17T14:40:49.241Z,market,SNEK,0,15966.387994710001,15966.387994710001,0,0,0,0,0,0,,reconciled
2026-07-17T14:40:49.241Z,market,USDA,0,626665.0104329998,626665.0104329998,0,0,0,0,0,0,,reconciled
2026-07-17T14:40:49.241Z,market,USDC,0,428773.52885897,428773.52885897,0,0,0,0,0,0,,reconciled
2026-07-17T14:40:49.241Z,market,USDCx,0,734205.1226020003,734205.1226020003,0,0,0,0,0,0,,reconciled
2026-07-17T14:40:49.241Z,market,USDCx-USDM-SUNDAE-LP-STABLESWAP,0,76584.8372029895,76584.8372029895,0,0,0,0,0,0,,reconciled
2026-07-17T14:40:49.241Z,market,USDM,0,158281.544565,158281.544565,0,0,0,0,0,0,,reconciled
2026-07-17T14:40:49.241Z,market,USDT,0,353294.2045147801,353294.2045147801,0,0,0,0,0,0,,reconciled
2026-07-17T14:40:49.241Z,protocol,,0,4084742.425811838,4084742.425811838,0,0,0,0,0,0,,reconciled
2026-07-17T16:11:28.090Z,market,Ada,0,586656.3215104153,586656.3215104153,0,0,0,0,0,0,,reconciled
2026-07-17T16:11:28.090Z,market,BTC,0,30756.7392244,30756.7392244,0,0,0,0,0,0,,reconciled
2026-07-17T16:11:28.090Z,market,DAI,0,11.337807,11.337807,0,0,0,0,0,0,,reconciled
2026-07-17T16:11:28.090Z,market,DJED,0,924503.7232646177,924503.7232646177,0,0,0,0,0,0,,reconciled
2026-07-17T16:11:28.090Z,market,ERG,0,2222.528450925852,2222.528450925852,0,0,0,0,0,0,,reconciled
2026-07-17T16:11:28.090Z,market,ETH,0,2842.011453996,2842.011453996,0,0,0,0,0,0,,reconciled
2026-07-17T16:11:28.090Z,market,IAG,0,4292.9656703716,4292.9656703716,0,0,0,0,0,0,,reconciled
2026-07-17T16:11:28.090Z,market,IUSD,0,116894.961634,116894.961634,0,0,0,0,0,0,,reconciled
2026-07-17T16:11:28.090Z,market,MIN,0,17497.764163854656,17497.764163854656,0,0,0,0,0,0,,reconciled
2026-07-17T16:11:28.090Z,market,NIGHT,0,17811.861831282964,17811.861831282964,0,0,0,0,0,0,,reconciled
2026-07-17T16:11:28.090Z,market,SHEN,0,2291.25740211478,2291.25740211478,0,0,0,0,0,0,,reconciled
2026-07-17T16:11:28.090Z,market,SNEK,0,16306.560599249999,16306.560599249999,0,0,0,0,0,0,,reconciled
2026-07-17T16:11:28.090Z,market,USDA,0,626665.0104329998,626665.0104329998,0,0,0,0,0,0,,reconciled
2026-07-17T16:11:28.090Z,market,USDC,0,428773.52885897,428773.52885897,0,0,0,0,0,0,,reconciled
2026-07-17T16:11:28.090Z,market,USDCx,0,734205.1226020003,734205.1226020003,0,0,0,0,0,0,,reconciled
2026-07-17T16:11:28.090Z,market,USDCx-USDM-SUNDAE-LP-STABLESWAP,0,78042.9344262995,78042.9344262995,0,0,0,0,0,0,,reconciled
2026-07-17T16:11:28.090Z,market,USDM,0,158281.544565,158281.544565,0,0,0,0,0,0,,reconciled
2026-07-17T16:11:28.090Z,market,USDT,0,353336.69414888,353336.69414888,0,0,0,0,0,0,,reconciled
2026-07-17T16:11:28.090Z,protocol,,0,4101392.8680463783,4101392.8680463783,0,0,0,0,0,0,,reconciled
2026-07-17T16:19:39.734Z,market,Ada,0,586656.3215104153,586656.3215104153,0,0,0,0,0,0,,reconciled
2026-07-17T16:19:39.734Z,market,BTC,0,30756.7392244,30756.7392244,0,0,0,0,0,0,,reconciled
2026-07-17T16:19:39.734Z,market,DAI,0,11.337807,11.337807,0,0,0,0,0,0,,reconciled
2026-07-17T16:19:39.734Z,market,DJED,0,924503.7232646177,924503.7232646177,0,0,0,0,0,0,,reconciled
2026-07-17T16:19:39.734Z,market,ERG,0,2222.528450925852,2222.528450925852,0,0,0,0,0,0,,reconciled
2026-07-17T16:19:39.734Z,market,ETH,0,2842.011453996,2842.011453996,0,0,0,0,0,0,,reconciled
2026-07-17T16:19:39.734Z,market,IAG,0,4292.9656703716,4292.9656703716,0,0,0,0,0,0,,reconciled
2026-07-17T16:19:39.734Z,market,IUSD,0,116894.961634,116894.961634,0,0,0,0,0,0,,reconciled
2026-07-17T16:19:39.734Z,market,MIN,0,17497.764163854656,17497.764163854656,0,0,0,0,0,0,,reconciled
2026-07-17T16:19:39.734Z,market,NIGHT,0,17811.861831282964,17811.861831282964,0,0,0,0,0,0,,reconciled
2026-07-17T16:19:39.734Z,market,SHEN,0,2291.25740211478,2291.25740211478,0,0,0,0,0,0,,reconciled
2026-07-17T16:19:39.734Z,market,SNEK,0,16306.560599249999,16306.560599249999,0,0,0,0,0,0,,reconciled
2026-07-17T16:19:39.734Z,market,USDA,0,626665.0104329998,626665.0104329998,0,0,0,0,0,0,,reconciled
2026-07-17T16:19:39.734Z,market,USDC,0,428773.52885897,428773.52885897,0,0,0,0,0,0,,reconciled
2026-07-17T16:19:39.734Z,market,USDCx,0,734205.1226020003,734205.1226020003,0,0,0,0,0,0,,reconciled
2026-07-17T16:19:39.734Z,market,USDCx-USDM-SUNDAE-LP-STABLESWAP,0,78042.9344262995,78042.9344262995,0,0,0,0,0,0,,reconciled
2026-07-17T16:19:39.734Z,market,USDM,0,158281.544565,158281.544565,0,0,0,0,0,0,,reconciled
2026-07-17T16:19:39.734Z,market,USDT,0,353336.69414888,353336.69414888,0,0,0,0,0,0,,reconciled
2026-07-17T16:19:39.734Z,protocol,,0,4101392.8680463783,4101392.8680463783,0,0,0,0,0,0,,reconciled
2026-07-17T18:06:26.398Z,market,Ada,0,589652.1954849347,589652.1954849347,0,0,0,0,0,0,,reconciled
2026-07-17T18:06:26.398Z,market,BTC,0,31073.68390805,31073.68390805,0,0,0,0,0,0,,reconciled
2026-07-17T18:06:26.398Z,market,DAI,0,11.338093,11.338093,0,0,0,0,0,0,,reconciled
2026-07-17T18:06:26.398Z,market,DJED,0,921750.5424843597,921750.5424843597,0,0,0,0,0,0,,reconciled
2026-07-17T18:06:26.398Z,market,ERG,0,2235.035251455194,2235.035251455194,0,0,0,0,0,0,,reconciled
2026-07-17T18:06:26.398Z,market,ETH,0,2864.8632034620005,2864.8632034620005,0,0,0,0,0,0,,reconciled
2026-07-17T18:06:26.398Z,market,IAG,0,4308.27756431195,4308.27756431195,0,0,0,0,0,0,,reconciled
2026-07-17T18:06:26.398Z,market,IUSD,0,116449.60491356255,116449.60491356255,0,0,0,0,0,0,,reconciled
2026-07-17T18:06:26.398Z,market,MIN,0,17490.372922392176,17490.372922392176,0,0,0,0,0,0,,reconciled
2026-07-17T18:06:26.398Z,market,NIGHT,0,17902.21322860386,17902.21322860386,0,0,0,0,0,0,,reconciled
2026-07-17T18:06:26.398Z,market,SHEN,0,2302.9606763434317,2302.9606763434317,0,0,0,0,0,0,,reconciled
2026-07-17T18:06:26.398Z,market,SNEK,0,16335.7530567,16335.7530567,0,0,0,0,0,0,,reconciled
2026-07-17T18:06:26.398Z,market,USDA,0,626665.0104329998,626665.0104329998,0,0,0,0,0,0,,reconciled
2026-07-17T18:06:26.398Z,market,USDC,0,428815.86173371,428815.86173371,0,0,0,0,0,0,,reconciled
2026-07-17T18:06:26.398Z,market,USDCx,0,725557.2098020002,725557.2098020002,0,0,0,0,0,0,,reconciled
2026-07-17T18:06:26.398Z,market,USDCx-USDM-SUNDAE-LP-STABLESWAP,0,78050.7037577506,78050.7037577506,0,0,0,0,0,0,,reconciled
2026-07-17T18:06:26.398Z,market,USDM,0,158281.544565,158281.544565,0,0,0,0,0,0,,reconciled
2026-07-17T18:06:26.398Z,market,USDT,0,353336.69414888,353336.69414888,0,0,0,0,0,0,,reconciled
2026-07-17T18:06:26.398Z,protocol,,0,4093083.8652275163,4093083.8652275163,0,0,0,0,0,0,,reconciled
2026-07-18T08:46:41.233Z,market,Ada,0,592520.3907380119,592520.3907380119,0,0,0,0,0,0,,reconciled
2026-07-18T08:46:41.233Z,market,BTC,0,31025.25645372,31025.25645372,0,0,0,0,0,0,,reconciled
2026-07-18T08:46:41.233Z,market,COPI,0,0.01715341432871773,0.01715341432871773,0,0,0,0,0,0,,reconciled
2026-07-18T08:46:41.233Z,market,DAI,0,14.629891,14.629891,0,0,0,0,0,0,,reconciled
2026-07-18T08:46:41.233Z,market,DJED,0,922049.1422074547,922049.1422074547,0,0,0,0,0,0,,reconciled
2026-07-18T08:46:41.233Z,market,ERG,0,2238.294623803008,2238.294623803008,0,0,0,0,0,0,,reconciled
2026-07-18T08:46:41.233Z,market,ETH,0,2862.640974006,2862.640974006,0,0,0,0,0,0,,reconciled
2026-07-18T08:46:41.233Z,market,IAG,0,4253.33477722967,4253.33477722967,0,0,0,0,0,0,,reconciled
2026-07-18T08:46:41.233Z,market,IUSD,0,116461.43443178682,116461.43443178682,0,0,0,0,0,0,,reconciled
2026-07-18T08:46:41.233Z,market,MIN,0,17270.594041624467,17270.594041624467,0,0,0,0,0,0,,reconciled
2026-07-18T08:46:41.233Z,market,NIGHT,0,17633.197597280265,17633.197597280265,0,0,0,0,0,0,,reconciled
2026-07-18T08:46:41.233Z,market,SHEN,0,2289.21448070128,2289.21448070128,0,0,0,0,0,0,,reconciled
2026-07-18T08:46:41.233Z,market,SNEK,0,16348.22319351,16348.22319351,0,0,0,0,0,0,,reconciled
2026-07-18T08:46:41.233Z,market,USDA,0,627022.5004710002,627022.5004710002,0,0,0,0,0,0,,reconciled
2026-07-18T08:46:41.233Z,market,USDC,0,428934.25924377,428934.25924377,0,0,0,0,0,0,,reconciled
2026-07-18T08:46:41.233Z,market,USDCx,0,746512.0372949999,746512.0372949999,0,0,0,0,0,0,,reconciled
2026-07-18T08:46:41.233Z,market,USDCx-USDM-SUNDAE-LP-STABLESWAP,0,78050.7037577506,78050.7037577506,0,0,0,0,0,0,,reconciled
2026-07-18T08:46:41.233Z,market,USDM,0,158345.97480999999,158345.97480999999,0,0,0,0,0,0,,reconciled
2026-07-18T08:46:41.233Z,market,USDT,0,353456.45256837,353456.45256837,0,0,0,0,0,0,,reconciled
2026-07-18T08:46:41.233Z,market,WMT,0,0,0,0,0,0,0,0,0,,reconciled
2026-07-18T08:46:41.233Z,protocol,,0,4117288.298709434,4117288.298709434,0,0,0,0,0,0,,reconciled
2026-07-18T14:14:57.487Z,market,Ada,0,585182.7577816318,585182.7577816318,0,0,0,0,0,0,,reconciled
2026-07-18T14:14:57.487Z,market,BTC,0,31094.06884365,31094.06884365,0,0,0,0,0,0,,reconciled
2026-07-18T14:14:57.487Z,market,COPI,0,0.01715341432871773,0.01715341432871773,0,0,0,0,0,0,,reconciled
2026-07-18T14:14:57.487Z,market,DAI,0,14.630142000000001,14.630142000000001,0,0,0,0,0,0,,reconciled
2026-07-18T14:14:57.487Z,market,DJED,0,923208.0093154387,923208.0093154387,0,0,0,0,0,0,,reconciled
2026-07-18T14:14:57.487Z,market,ERG,0,2236.3650571543176,2236.3650571543176,0,0,0,0,0,0,,reconciled
2026-07-18T14:14:57.487Z,market,ETH,0,2860.0228974780002,2860.0228974780002,0,0,0,0,0,0,,reconciled
2026-07-18T14:14:57.487Z,market,IAG,0,4201.127193628912,4201.127193628912,0,0,0,0,0,0,,reconciled
2026-07-18T14:14:57.487Z,market,IUSD,0,115577.02048649128,115577.02048649128,0,0,0,0,0,0,,reconciled
2026-07-18T14:14:57.487Z,market,MIN,0,17074.30389663459,17074.30389663459,0,0,0,0,0,0,,reconciled
2026-07-18T14:14:57.487Z,market,NIGHT,0,17353.697096265645,17353.697096265645,0,0,0,0,0,0,,reconciled
2026-07-18T14:14:57.487Z,market,SHEN,0,2260.706696793688,2260.706696793688,0,0,0,0,0,0,,reconciled
2026-07-18T14:14:57.487Z,market,SNEK,0,16224.818430000001,16224.818430000001,0,0,0,0,0,0,,reconciled
2026-07-18T14:14:57.487Z,market,USDA,0,627114.7021590001,627114.7021590001,0,0,0,0,0,0,,reconciled
2026-07-18T14:14:57.487Z,market,USDC,0,428975.0844353,428975.0844353,0,0,0,0,0,0,,reconciled
2026-07-18T14:14:57.487Z,market,USDCx,0,758604.9751170002,758604.9751170002,0,0,0,0,0,0,,reconciled
2026-07-18T14:14:57.487Z,market,USDCx-USDM-SUNDAE-LP-STABLESWAP,0,79738.375845733,79738.375845733,0,0,0,0,0,0,,reconciled
2026-07-18T14:14:57.487Z,market,USDM,0,155907.077388,155907.077388,0,0,0,0,0,0,,reconciled
2026-07-18T14:14:57.487Z,market,USDT,0,353533.6374925,353533.6374925,0,0,0,0,0,0,,reconciled
2026-07-18T14:14:57.487Z,market,WMT,0,0,0,0,0,0,0,0,0,,reconciled
2026-07-18T14:14:57.487Z,protocol,,0,4121161.397428115,4121161.397428115,0,0,0,0,0,0,,reconciled
2026-07-18T15:55:57.165Z,market,Ada,0,585182.7577816318,585182.7577816318,0,0,0,0,0,0,,reconciled
2026-07-18T15:55:57.165Z,market,BTC,0,31094.395544549996,31094.395544549996,0,0,0,0,0,0,,reconciled
2026-07-18T15:55:57.165Z,market,COPI,0,0.01715341432871773,0.01715341432871773,0,0,0,0,0,0,,reconciled
2026-07-18T15:55:57.165Z,market,DAI,0,14.630429,14.630429,0,0,0,0,0,0,,reconciled
2026-07-18T15:55:57.165Z,market,DJED,0,923309.1126043197,923309.1126043197,0,0,0,0,0,0,,reconciled
2026-07-18T15:55:57.165Z,market,ERG,0,2236.3671582932398,2236.3671582932398,0,0,0,0,0,0,,reconciled
2026-07-18T15:55:57.165Z,market,ETH,0,2860.0511552700004,2860.0511552700004,0,0,0,0,0,0,,reconciled
2026-07-18T15:55:57.165Z,market,IAG,0,4201.1291605923,4201.1291605923,0,0,0,0,0,0,,reconciled
2026-07-18T15:55:57.165Z,market,IUSD,0,115583.8225543254,115583.8225543254,0,0,0,0,0,0,,reconciled
2026-07-18T15:55:57.165Z,market,MIN,0,17074.42447447,17074.42447447,0,0,0,0,0,0,,reconciled
2026-07-18T15:55:57.165Z,market,NIGHT,0,17353.6972301326,17353.6972301326,0,0,0,0,0,0,,reconciled
2026-07-18T15:55:57.165Z,market,SHEN,0,2260.7071264537763,2260.7071264537763,0,0,0,0,0,0,,reconciled
2026-07-18T15:55:57.165Z,market,SNEK,0,16224.874770800001,16224.874770800001,0,0,0,0,0,0,,reconciled
2026-07-18T15:55:57.165Z,market,USDA,0,627195.2405460003,627195.2405460003,0,0,0,0,0,0,,reconciled
2026-07-18T15:55:57.165Z,market,USDC,0,429010.81255905,429010.81255905,0,0,0,0,0,0,,reconciled
2026-07-18T15:55:57.165Z,market,USDCx,0,758632.517937,758632.517937,0,0,0,0,0,0,,reconciled
2026-07-18T15:55:57.165Z,market,USDCx-USDM-SUNDAE-LP-STABLESWAP,0,80836.9132280784,80836.9132280784,0,0,0,0,0,0,,reconciled
2026-07-18T15:55:57.165Z,market,USDM,0,155923.30201500002,155923.30201500002,0,0,0,0,0,0,,reconciled
2026-07-18T15:55:57.165Z,market,USDT,0,353533.6374925,353533.6374925,0,0,0,0,0,0,,reconciled
2026-07-18T15:55:57.165Z,market,WMT,0,0,0,0,0,0,0,0,0,,reconciled
2026-07-18T15:55:57.165Z,protocol,,0,4122528.4109208817,4122528.4109208817,0,0,0,0,0,0,,reconciled
2026-07-18T17:27:38.183Z,market,Ada,0,585480.0880689577,585480.0880689577,0,0,0,0,0,0,,reconciled
2026-07-18T17:27:38.183Z,market,BTC,0,31094.395544549996,31094.395544549996,0,0,0,0,0,0,,reconciled
2026-07-18T17:27:38.183Z,market,COPI,0,0.01715341432871773,0.01715341432871773,0,0,0,0,0,0,,reconciled
2026-07-18T17:27:38.183Z,market,DAI,0,14.630429,14.630429,0,0,0,0,0,0,,reconciled
2026-07-18T17:27:38.183Z,market,DJED,0,923000.1350788821,923000.1350788821,0,0,0,0,0,0,,reconciled
2026-07-18T17:27:38.183Z,market,ERG,0,2245.720514594689,2245.720514594689,0,0,0,0,0,0,,reconciled
2026-07-18T17:27:38.183Z,market,ETH,0,2861.9167101900002,2861.9167101900002,0,0,0,0,0,0,,reconciled
2026-07-18T17:27:38.183Z,market,IAG,0,4247.8432673116495,4247.8432673116495,0,0,0,0,0,0,,reconciled
2026-07-18T17:27:38.183Z,market,IUSD,0,115563.94169245033,115563.94169245033,0,0,0,0,0,0,,reconciled
2026-07-18T17:27:38.183Z,market,MIN,0,17088.311094548604,17088.311094548604,0,0,0,0,0,0,,reconciled
2026-07-18T17:27:38.183Z,market,NIGHT,0,17310.06478802062,17310.06478802062,0,0,0,0,0,0,,reconciled
2026-07-18T17:27:38.183Z,market,SHEN,0,2261.87337454148,2261.87337454148,0,0,0,0,0,0,,reconciled
2026-07-18T17:27:38.183Z,market,SNEK,0,16288.4601716,16288.4601716,0,0,0,0,0,0,,reconciled
2026-07-18T17:27:38.183Z,market,USDA,0,627195.2405460003,627195.2405460003,0,0,0,0,0,0,,reconciled
2026-07-18T17:27:38.183Z,market,USDC,0,429010.81255905,429010.81255905,0,0,0,0,0,0,,reconciled
2026-07-18T17:27:38.183Z,market,USDCx,0,721336.53491,721336.53491,0,0,0,0,0,0,,reconciled
2026-07-18T17:27:38.183Z,market,USDCx-USDM-SUNDAE-LP-STABLESWAP,0,85766.5622036288,85766.5622036288,0,0,0,0,0,0,,reconciled
2026-07-18T17:27:38.183Z,market,USDM,0,155923.30201500002,155923.30201500002,0,0,0,0,0,0,,reconciled
2026-07-18T17:27:38.183Z,market,USDT,0,353533.6374925,353533.6374925,0,0,0,0,0,0,,reconciled
2026-07-18T17:27:38.183Z,market,WMT,0,0,0,0,0,0,0,0,0,,reconciled
2026-07-18T17:27:38.183Z,protocol,,0,4090223.4876142405,4090223.4876142405,0,0,0,0,0,0,,reconciled
2026-07-20T10:22:16.298Z,market,Ada,0,580617.797922438,580617.797922438,0,0,0,0,0,0,,reconciled
2026-07-20T10:22:16.298Z,market,BTC,0,31169.83069915,31169.83069915,0,0,0,0,0,0,,reconciled
2026-07-20T10:22:16.298Z,market,COPI,0,0.01715341432871773,0.01715341432871773,0,0,0,0,0,0,,reconciled
2026-07-20T10:22:16.298Z,market,DAI,0,14.633191,14.633191,0,0,0,0,0,0,,reconciled
2026-07-20T10:22:16.298Z,market,DJED,0,923211.748916755,923211.748916755,0,0,0,0,0,0,,reconciled
2026-07-20T10:22:16.298Z,market,ERG,0,2204.2603460794603,2204.2603460794603,0,0,0,0,0,0,,reconciled
2026-07-20T10:22:16.298Z,market,ETH,0,2711.2642313240003,2711.2642313240003,0,0,0,0,0,0,,reconciled
2026-07-20T10:22:16.298Z,market,IAG,0,4326.769210861944,4326.769210861944,0,0,0,0,0,0,,reconciled
2026-07-20T10:22:16.298Z,market,IUSD,0,116601.5288509863,116601.5288509863,0,0,0,0,0,0,,reconciled
2026-07-20T10:22:16.298Z,market,MIN,0,17479.287430418834,17479.287430418834,0,0,0,0,0,0,,reconciled
2026-07-20T10:22:16.298Z,market,NIGHT,0,32395.18701251448,32395.18701251448,0,0,0,0,0,0,,reconciled
2026-07-20T10:22:16.298Z,market,SHEN,0,2399.2366067975363,2399.2366067975363,0,0,0,0,0,0,,reconciled
2026-07-20T10:22:16.298Z,market,SNEK,0,16349.41303524,16349.41303524,0,0,0,0,0,0,,reconciled
2026-07-20T10:22:16.298Z,market,USDA,0,626939.8560289997,626939.8560289997,0,0,0,0,0,0,,reconciled
2026-07-20T10:22:16.298Z,market,USDC,0,429404.55034164,429404.55034164,0,0,0,0,0,0,,reconciled
2026-07-20T10:22:16.298Z,market,USDCx,0,709328.8894759997,709328.8894759997,0,0,0,0,0,0,,reconciled
2026-07-20T10:22:16.298Z,market,USDCx-USDM-SUNDAE-LP-STABLESWAP,0,87060.06736814439,87060.06736814439,0,0,0,0,0,0,,reconciled
2026-07-20T10:22:16.298Z,market,USDM,0,156079.24256499996,156079.24256499996,0,0,0,0,0,0,,reconciled
2026-07-20T10:22:16.298Z,market,USDT,0,353934.25330452,353934.25330452,0,0,0,0,0,0,,reconciled
2026-07-20T10:22:16.298Z,market,WMT,0,0,0,0,0,0,0,0,0,,reconciled
2026-07-20T10:22:16.298Z,protocol,,0,4092227.833691284,4092227.833691284,0,0,0,0,0,0,,reconciled
2026-07-20T21:55:52.759Z,market,Ada,0,70414.10263652544,70414.10263652544,0,0,0,0,0,0,,reconciled
2026-07-20T21:55:52.759Z,market,BTC,0,31640.959480240002,31640.959480240002,0,0,0,0,0,0,,reconciled
2026-07-20T21:55:52.759Z,market,COPI,0,0.01715341432871773,0.01715341432871773,0,0,0,0,0,0,,reconciled
2026-07-20T21:55:52.759Z,market,DAI,0,14.633729,14.633729,0,0,0,0,0,0,,reconciled
2026-07-20T21:55:52.759Z,market,DJED,0,925985.6739690499,925985.6739690499,0,0,0,0,0,0,,reconciled
2026-07-20T21:55:52.759Z,market,ERG,0,1622.592063599682,1622.592063599682,0,0,0,0,0,0,,reconciled
2026-07-20T21:55:52.759Z,market,ETH,0,2763.975467,2763.975467,0,0,0,0,0,0,,reconciled
2026-07-20T21:55:52.759Z,market,IAG,0,4413.921413426616,4413.921413426616,0,0,0,0,0,0,,reconciled
2026-07-20T21:55:52.759Z,market,IUSD,0,110687.412519,110687.412519,0,0,0,0,0,0,,reconciled
2026-07-20T21:55:52.759Z,market,MIN,0,17590.820108003467,17590.820108003467,0,0,0,0,0,0,,reconciled
2026-07-20T21:55:52.759Z,market,NIGHT,0,21381.056250444508,21381.056250444508,0,0,0,0,0,0,,reconciled
2026-07-20T21:55:52.759Z,market,SHEN,0,2242.52323537188,2242.52323537188,0,0,0,0,0,0,,reconciled
2026-07-20T21:55:52.759Z,market,SNEK,0,15886.9169095,15886.9169095,0,0,0,0,0,0,,reconciled
2026-07-20T21:55:52.759Z,market,USDA,0,626128.5867610002,626128.5867610002,0,0,0,0,0,0,,reconciled
2026-07-20T21:55:52.759Z,market,USDC,0,508654.1085863,508654.1085863,0,0,0,0,0,0,,reconciled
2026-07-20T21:55:52.759Z,market,USDCx,0,669084.2811890001,669084.2811890001,0,0,0,0,0,0,,reconciled
2026-07-20T21:55:52.759Z,market,USDCx-USDM-SUNDAE-LP-STABLESWAP,0,86273.51140663038,86273.51140663038,0,0,0,0,0,0,,reconciled
2026-07-20T21:55:52.759Z,market,USDM,0,152097.21587499997,152097.21587499997,0,0,0,0,0,0,,reconciled
2026-07-20T21:55:52.759Z,market,USDT,0,447915.67534547,447915.67534547,0,0,0,0,0,0,,reconciled
2026-07-20T21:55:52.759Z,market,WMT,0,0,0,0,0,0,0,0,0,,reconciled
2026-07-20T21:55:52.759Z,protocol,,0,3694797.9840979767,3694797.9840979767,0,0,0,0,0,0,,reconciled
2026-07-20T22:22:27.595Z,market,Ada,0,69716.13476363984,69716.13476363984,0,0,0,0,0,0,,reconciled
2026-07-20T22:22:27.595Z,market,BTC,0,31628.822742990003,31628.822742990003,0,0,0,0,0,0,,reconciled
2026-07-20T22:22:27.595Z,market,COPI,0,0.01715341432871773,0.01715341432871773,0,0,0,0,0,0,,reconciled
2026-07-20T22:22:27.595Z,market,DAI,0,14.633729,14.633729,0,0,0,0,0,0,,reconciled
2026-07-20T22:22:27.595Z,market,DJED,0,939740.1984302496,939740.1984302496,0,0,0,0,0,0,,reconciled
2026-07-20T22:22:27.595Z,market,ERG,0,1643.9537114094578,1643.9537114094578,0,0,0,0,0,0,,reconciled
2026-07-20T22:22:27.595Z,market,ETH,0,2761.938853498,2761.938853498,0,0,0,0,0,0,,reconciled
2026-07-20T22:22:27.595Z,market,IAG,0,4423.146524882995,4423.146524882995,0,0,0,0,0,0,,reconciled
2026-07-20T22:22:27.595Z,market,IUSD,0,110452.944591,110452.944591,0,0,0,0,0,0,,reconciled
2026-07-20T22:22:27.595Z,market,MIN,0,17432.302706892577,17432.302706892577,0,0,0,0,0,0,,reconciled
2026-07-20T22:22:27.595Z,market,NIGHT,0,21971.706564924425,21971.706564924425,0,0,0,0,0,0,,reconciled
2026-07-20T22:22:27.595Z,market,SHEN,0,2154.29675066478,2154.29675066478,0,0,0,0,0,0,,reconciled
2026-07-20T22:22:27.595Z,market,SNEK,0,15877.908618000001,15877.908618000001,0,0,0,0,0,0,,reconciled
2026-07-20T22:22:27.595Z,market,USDA,0,626128.5867610002,626128.5867610002,0,0,0,0,0,0,,reconciled
2026-07-20T22:22:27.595Z,market,USDC,0,494479.7840311701,494479.7840311701,0,0,0,0,0,0,,reconciled
2026-07-20T22:22:27.595Z,market,USDCx,0,668844.0913620001,668844.0913620001,0,0,0,0,0,0,,reconciled
2026-07-20T22:22:27.595Z,market,USDCx-USDM-SUNDAE-LP-STABLESWAP,0,86290.68368198999,86290.68368198999,0,0,0,0,0,0,,reconciled
2026-07-20T22:22:27.595Z,market,USDM,0,151996.214743,151996.214743,0,0,0,0,0,0,,reconciled
2026-07-20T22:22:27.595Z,market,USDT,0,447915.67534547,447915.67534547,0,0,0,0,0,0,,reconciled
2026-07-20T22:22:27.595Z,market,WMT,0,0,0,0,0,0,0,0,0,,reconciled
2026-07-20T22:22:27.595Z,protocol,,0,3693473.0410651965,3693473.0410651965,0,0,0,0,0,0,,reconciled
2026-07-20T22:32:10.980Z,market,Ada,0,69716.13476363984,69716.13476363984,0,0,0,0,0,0,,reconciled
2026-07-20T22:32:10.980Z,market,BTC,0,31628.822742990003,31628.822742990003,0,0,0,0,0,0,,reconciled
2026-07-20T22:32:10.980Z,market,COPI,0,0.01715341432871773,0.01715341432871773,0,0,0,0,0,0,,reconciled
2026-07-20T22:32:10.980Z,market,DAI,0,14.633729,14.633729,0,0,0,0,0,0,,reconciled
2026-07-20T22:32:10.980Z,market,DJED,0,939327.8291787963,939327.8291787963,0,0,0,0,0,0,,reconciled
2026-07-20T22:32:10.980Z,market,ERG,0,1643.9537114094578,1643.9537114094578,0,0,0,0,0,0,,reconciled
2026-07-20T22:32:10.980Z,market,ETH,0,2761.938853498,2761.938853498,0,0,0,0,0,0,,reconciled
2026-07-20T22:32:10.980Z,market,IAG,0,4423.146524882995,4423.146524882995,0,0,0,0,0,0,,reconciled
2026-07-20T22:32:10.980Z,market,IUSD,0,111849.62809200004,111849.62809200004,0,0,0,0,0,0,,reconciled
2026-07-20T22:32:10.980Z,market,MIN,0,17432.302706892577,17432.302706892577,0,0,0,0,0,0,,reconciled
2026-07-20T22:32:10.980Z,market,NIGHT,0,21740.055209553448,21740.055209553448,0,0,0,0,0,0,,reconciled
2026-07-20T22:32:10.980Z,market,SHEN,0,2154.297213010593,2154.297213010593,0,0,0,0,0,0,,reconciled
2026-07-20T22:32:10.980Z,market,SNEK,0,15877.908618000001,15877.908618000001,0,0,0,0,0,0,,reconciled
2026-07-20T22:32:10.980Z,market,USDA,0,626128.5867610002,626128.5867610002,0,0,0,0,0,0,,reconciled
2026-07-20T22:32:10.980Z,market,USDC,0,490062.86533194,490062.86533194,0,0,0,0,0,0,,reconciled
2026-07-20T22:32:10.980Z,market,USDCx,0,667336.2145030001,667336.2145030001,0,0,0,0,0,0,,reconciled
2026-07-20T22:32:10.980Z,market,USDCx-USDM-SUNDAE-LP-STABLESWAP,0,86290.68368198999,86290.68368198999,0,0,0,0,0,0,,reconciled
2026-07-20T22:32:10.980Z,market,USDM,0,151996.214743,151996.214743,0,0,0,0,0,0,,reconciled
2026-07-20T22:32:10.980Z,market,USDT,0,447915.67534547,447915.67534547,0,0,0,0,0,0,,reconciled
2026-07-20T22:32:10.980Z,market,WMT,0,0,0,0,0,0,0,0,0,,reconciled
2026-07-20T22:32:10.980Z,protocol,,0,3688300.9088634877,3688300.9088634877,0,0,0,0,0,0,,reconciled
2026-07-20T22:46:05.020Z,market,Ada,0,69701.84643702029,69701.84643702029,0,0,0,0,0,0,,reconciled
2026-07-20T22:46:05.020Z,market,BTC,0,31628.822742990003,31628.822742990003,0,0,0,0,0,0,,reconciled
2026-07-20T22:46:05.020Z,market,COPI,0,0.01715341432871773,0.01715341432871773,0,0,0,0,0,0,,reconciled
2026-07-20T22:46:05.020Z,market,DAI,0,14.634016,14.634016,0,0,0,0,0,0,,reconciled
2026-07-20T22:46:05.020Z,market,DJED,0,939327.8291787963,939327.8291787963,0,0,0,0,0,0,,reconciled
2026-07-20T22:46:05.020Z,market,ERG,0,1643.9537114094578,1643.9537114094578,0,0,0,0,0,0,,reconciled
2026-07-20T22:46:05.020Z,market,ETH,0,2761.938853498,2761.938853498,0,0,0,0,0,0,,reconciled
2026-07-20T22:46:05.020Z,market,IAG,0,4423.14889175658,4423.14889175658,0,0,0,0,0,0,,reconciled
2026-07-20T22:46:05.020Z,market,IUSD,0,110755.58938700003,110755.58938700003,0,0,0,0,0,0,,reconciled
2026-07-20T22:46:05.020Z,market,MIN,0,17432.42602379779,17432.42602379779,0,0,0,0,0,0,,reconciled
2026-07-20T22:46:05.020Z,market,NIGHT,0,21516.893694431674,21516.893694431674,0,0,0,0,0,0,,reconciled
2026-07-20T22:46:05.020Z,market,SHEN,0,2154.297213010593,2154.297213010593,0,0,0,0,0,0,,reconciled
2026-07-20T22:46:05.020Z,market,SNEK,0,15877.9640514,15877.9640514,0,0,0,0,0,0,,reconciled
2026-07-20T22:46:05.020Z,market,USDA,0,626128.5867610002,626128.5867610002,0,0,0,0,0,0,,reconciled
2026-07-20T22:46:05.020Z,market,USDC,0,480688.36615083995,480688.36615083995,0,0,0,0,0,0,,reconciled
2026-07-20T22:46:05.020Z,market,USDCx,0,667336.2145030001,667336.2145030001,0,0,0,0,0,0,,reconciled
2026-07-20T22:46:05.020Z,market,USDCx-USDM-SUNDAE-LP-STABLESWAP,0,86290.68368198999,86290.68368198999,0,0,0,0,0,0,,reconciled
2026-07-20T22:46:05.020Z,market,USDM,0,151996.214743,151996.214743,0,0,0,0,0,0,,reconciled
2026-07-20T22:46:05.020Z,market,USDT,0,447915.67534547,447915.67534547,0,0,0,0,0,0,,reconciled
2026-07-20T22:46:05.020Z,market,WMT,0,0,0,0,0,0,0,0,0,,reconciled
2026-07-20T22:46:05.020Z,protocol,,0,3677595.1025398253,3677595.1025398253,0,0,0,0,0,0,,reconciled
2026-07-20T23:07:45.156Z,market,Ada,0,69701.84643702029,69701.84643702029,0,0,0,0,0,0,,reconciled
2026-07-20T23:07:45.156Z,market,BTC,0,31629.205830870003,31629.205830870003,0,0,0,0,0,0,,reconciled
2026-07-20T23:07:45.156Z,market,COPI,0,0.01715341432871773,0.01715341432871773,0,0,0,0,0,0,,reconciled
2026-07-20T23:07:45.156Z,market,DAI,0,14.634016,14.634016,0,0,0,0,0,0,,reconciled
2026-07-20T23:07:45.156Z,market,DJED,0,940599.7080251633,940599.7080251633,0,0,0,0,0,0,,reconciled
2026-07-20T23:07:45.156Z,market,ERG,0,1643.9558212449535,1643.9558212449535,0,0,0,0,0,0,,reconciled
2026-07-20T23:07:45.156Z,market,ETH,0,2761.966155366,2761.966155366,0,0,0,0,0,0,,reconciled
2026-07-20T23:07:45.156Z,market,IAG,0,4423.14889175658,4423.14889175658,0,0,0,0,0,0,,reconciled
2026-07-20T23:07:45.156Z,market,IUSD,0,107853.26938700002,107853.26938700002,0,0,0,0,0,0,,reconciled
2026-07-20T23:07:45.156Z,market,MIN,0,17432.42602379779,17432.42602379779,0,0,0,0,0,0,,reconciled
2026-07-20T23:07:45.156Z,market,NIGHT,0,21814.038103153605,21814.038103153605,0,0,0,0,0,0,,reconciled
2026-07-20T23:07:45.156Z,market,SHEN,0,2144.750889754403,2144.750889754403,0,0,0,0,0,0,,reconciled
2026-07-20T23:07:45.156Z,market,SNEK,0,15541.47669415,15541.47669415,0,0,0,0,0,0,,reconciled
2026-07-20T23:07:45.156Z,market,USDA,0,626220.5818659998,626220.5818659998,0,0,0,0,0,0,,reconciled
2026-07-20T23:07:45.156Z,market,USDC,0,476212.75203048,476212.75203048,0,0,0,0,0,0,,reconciled
2026-07-20T23:07:45.156Z,market,USDCx,0,667336.2145030001,667336.2145030001,0,0,0,0,0,0,,reconciled
2026-07-20T23:07:45.156Z,market,USDCx-USDM-SUNDAE-LP-STABLESWAP,0,86290.68368198999,86290.68368198999,0,0,0,0,0,0,,reconciled
2026-07-20T23:07:45.156Z,market,USDM,0,152011.54179499994,152011.54179499994,0,0,0,0,0,0,,reconciled
2026-07-20T23:07:45.156Z,market,USDT,0,440736.67534547,440736.67534547,0,0,0,0,0,0,,reconciled
2026-07-20T23:07:45.156Z,market,WMT,0,0,0,0,0,0,0,0,0,,reconciled
2026-07-20T23:07:45.156Z,protocol,,0,3664368.8926506313,3664368.8926506313,0,0,0,0,0,0,,reconciled
2026-07-21T06:02:33.195Z,market,Ada,0,71935.68361301612,71935.68361301612,0,0,0,0,0,0,,reconciled
2026-07-21T06:02:33.195Z,market,BTC,0,31823.781418750004,31823.781418750004,0,0,0,0,0,0,,reconciled
2026-07-21T06:02:33.195Z,market,COPI,0,0.01715341432871773,0.01715341432871773,0,0,0,0,0,0,,reconciled
2026-07-21T06:02:33.195Z,market,DAI,0,14.634303000000001,14.634303000000001,0,0,0,0,0,0,,reconciled
2026-07-21T06:02:33.195Z,market,DJED,0,935421.2530168757,935421.2530168757,0,0,0,0,0,0,,reconciled
2026-07-21T06:02:33.195Z,market,ERG,0,1640.3844470859003,1640.3844470859003,0,0,0,0,0,0,,reconciled
2026-07-21T06:02:33.195Z,market,ETH,0,2800.253452981,2800.253452981,0,0,0,0,0,0,,reconciled
2026-07-21T06:02:33.195Z,market,IAG,0,4469.656558432065,4469.656558432065,0,0,0,0,0,0,,reconciled
2026-07-21T06:02:33.195Z,market,IUSD,0,106724.57401467157,106724.57401467157,0,0,0,0,0,0,,reconciled
2026-07-21T06:02:33.195Z,market,MIN,0,18004.391124598977,18004.391124598977,0,0,0,0,0,0,,reconciled
2026-07-21T06:02:33.195Z,market,NIGHT,0,22621.786307074115,22621.786307074115,0,0,0,0,0,0,,reconciled
2026-07-21T06:02:33.195Z,market,SHEN,0,2229.960006827136,2229.960006827136,0,0,0,0,0,0,,reconciled
2026-07-21T06:02:33.195Z,market,SNEK,0,16086.79345252,16086.79345252,0,0,0,0,0,0,,reconciled
2026-07-21T06:02:33.195Z,market,USDA,0,626312.9461820001,626312.9461820001,0,0,0,0,0,0,,reconciled
2026-07-21T06:02:33.195Z,market,USDC,0,434722.19895281,434722.19895281,0,0,0,0,0,0,,reconciled
2026-07-21T06:02:33.195Z,market,USDCx,0,670245.2659369992,670245.2659369992,0,0,0,0,0,0,,reconciled
2026-07-21T06:02:33.195Z,market,USDCx-USDM-SUNDAE-LP-STABLESWAP,0,86247.07700877801,86247.07700877801,0,0,0,0,0,0,,reconciled
2026-07-21T06:02:33.195Z,market,USDM,0,151883.36319199996,151883.36319199996,0,0,0,0,0,0,,reconciled
2026-07-21T06:02:33.195Z,market,USDT,0,440804.0756398801,440804.0756398801,0,0,0,0,0,0,,reconciled
2026-07-21T06:02:33.195Z,market,WMT,0,0,0,0,0,0,0,0,0,,reconciled
2026-07-21T06:02:33.195Z,protocol,,0,3623988.095781714,3623988.095781714,0,0,0,0,0,0,,reconciled
2026-07-21T09:06:11.893Z,market,Ada,0,71971.20515292385,71971.20515292385,0,0,0,0,0,0,,reconciled
2026-07-21T09:06:11.893Z,market,BTC,0,32142.12054312,32142.12054312,0,0,0,0,0,0,,reconciled
2026-07-21T09:06:11.893Z,market,COPI,0,0.01715341432871773,0.01715341432871773,0,0,0,0,0,0,,reconciled
2026-07-21T09:06:11.893Z,market,DAI,0,14.634554,14.634554,0,0,0,0,0,0,,reconciled
2026-07-21T09:06:11.893Z,market,DJED,0,921961.1249565273,921961.1249565273,0,0,0,0,0,0,,reconciled
2026-07-21T09:06:11.893Z,market,ERG,0,1635.8456503168895,1635.8456503168895,0,0,0,0,0,0,,reconciled
2026-07-21T09:06:11.893Z,market,ETH,0,2813.51603218,2813.51603218,0,0,0,0,0,0,,reconciled
2026-07-21T09:06:11.893Z,market,IAG,0,4509.818406880703,4509.818406880703,0,0,0,0,0,0,,reconciled
2026-07-21T09:06:11.893Z,market,IUSD,0,107867.23242900001,107867.23242900001,0,0,0,0,0,0,,reconciled
2026-07-21T09:06:11.893Z,market,MIN,0,18144.611679765887,18144.611679765887,0,0,0,0,0,0,,reconciled
2026-07-21T09:06:11.893Z,market,NIGHT,0,22753.985571612975,22753.985571612975,0,0,0,0,0,0,,reconciled
2026-07-21T09:06:11.893Z,market,SHEN,0,2145.7350329045703,2145.7350329045703,0,0,0,0,0,0,,reconciled
2026-07-21T09:06:11.893Z,market,SNEK,0,16201.839259999997,16201.839259999997,0,0,0,0,0,0,,reconciled
2026-07-21T09:06:11.893Z,market,USDA,0,626404.1516700002,626404.1516700002,0,0,0,0,0,0,,reconciled
2026-07-21T09:06:11.893Z,market,USDC,0,413976.04726121,413976.04726121,0,0,0,0,0,0,,reconciled
2026-07-21T09:06:11.893Z,market,USDCx,0,668367.2706739997,668367.2706739997,0,0,0,0,0,0,,reconciled
2026-07-21T09:06:11.893Z,market,USDCx-USDM-SUNDAE-LP-STABLESWAP,0,85863.4305091164,85863.4305091164,0,0,0,0,0,0,,reconciled
2026-07-21T09:06:11.893Z,market,USDM,0,151896.683581,151896.683581,0,0,0,0,0,0,,reconciled
2026-07-21T09:06:11.893Z,market,USDT,0,435495.1576187301,435495.1576187301,0,0,0,0,0,0,,reconciled
2026-07-21T09:06:11.893Z,market,WMT,0,0,0,0,0,0,0,0,0,,reconciled
2026-07-21T09:06:11.893Z,protocol,,0,3584164.4277367033,3584164.4277367033,0,0,0,0,0,0,,reconciled
2026-07-21T10:38:43.382Z,market,Ada,0,70992.26443734551,70992.26443734551,0,0,0,0,0,0,,reconciled
2026-07-21T10:38:43.382Z,market,BTC,0,32194.553087279997,32194.553087279997,0,0,0,0,0,0,,reconciled
2026-07-21T10:38:43.382Z,market,COPI,0,0.01715341432871773,0.01715341432871773,0,0,0,0,0,0,,reconciled
2026-07-21T10:38:43.382Z,market,DAI,0,14.634554,14.634554,0,0,0,0,0,0,,reconciled
2026-07-21T10:38:43.382Z,market,DJED,0,922880.8564294287,922880.8564294287,0,0,0,0,0,0,,reconciled
2026-07-21T10:38:43.382Z,market,ERG,0,1636.3666676775329,1636.3666676775329,0,0,0,0,0,0,,reconciled
2026-07-21T10:38:43.382Z,market,ETH,0,2827.6272552990004,2827.6272552990004,0,0,0,0,0,0,,reconciled
2026-07-21T10:38:43.382Z,market,IAG,0,4475.531132900554,4475.531132900554,0,0,0,0,0,0,,reconciled
2026-07-21T10:38:43.382Z,market,IUSD,0,107458.41561809409,107458.41561809409,0,0,0,0,0,0,,reconciled
2026-07-21T10:38:43.382Z,market,MIN,0,17877.719815619632,17877.719815619632,0,0,0,0,0,0,,reconciled
2026-07-21T10:38:43.382Z,market,NIGHT,0,23810.364305842224,23810.364305842224,0,0,0,0,0,0,,reconciled
2026-07-21T10:38:43.382Z,market,SHEN,0,2137.12475291484,2137.12475291484,0,0,0,0,0,0,,reconciled
2026-07-21T10:38:43.382Z,market,SNEK,0,16152.0282088,16152.0282088,0,0,0,0,0,0,,reconciled
2026-07-21T10:38:43.382Z,market,USDA,0,626404.1516700002,626404.1516700002,0,0,0,0,0,0,,reconciled
2026-07-21T10:38:43.382Z,market,USDC,0,396998.59671256004,396998.59671256004,0,0,0,0,0,0,,reconciled
2026-07-21T10:38:43.382Z,market,USDCx,0,668367.2706739997,668367.2706739997,0,0,0,0,0,0,,reconciled
2026-07-21T10:38:43.382Z,market,USDCx-USDM-SUNDAE-LP-STABLESWAP,0,85863.4305091164,85863.4305091164,0,0,0,0,0,0,,reconciled
2026-07-21T10:38:43.382Z,market,USDM,0,151896.683581,151896.683581,0,0,0,0,0,0,,reconciled
2026-07-21T10:38:43.382Z,market,USDT,0,435545.0377972801,435545.0377972801,0,0,0,0,0,0,,reconciled
2026-07-21T10:38:43.382Z,market,WMT,0,0,0,0,0,0,0,0,0,,reconciled
2026-07-21T10:38:43.382Z,protocol,,0,3567532.6743625724,3567532.6743625724,0,0,0,0,0,0,,reconciled
2026-07-21T12:40:42.531Z,market,Ada,0,71285.18380923598,71285.18380923598,0,0,0,0,0,0,,reconciled
2026-07-21T12:40:42.531Z,market,BTC,0,32218.251957759996,32218.251957759996,0,0,0,0,0,0,,reconciled
2026-07-21T12:40:42.531Z,market,COPI,0,0.01715341432871773,0.01715341432871773,0,0,0,0,0,0,,reconciled
2026-07-21T12:40:42.531Z,market,DAI,0,14.634841,14.634841,0,0,0,0,0,0,,reconciled
2026-07-21T12:40:42.531Z,market,DJED,0,931341.5772950633,931341.5772950633,0,0,0,0,0,0,,reconciled
2026-07-21T12:40:42.531Z,market,ERG,0,1632.4233120552785,1632.4233120552785,0,0,0,0,0,0,,reconciled
2026-07-21T12:40:42.531Z,market,ETH,0,2815.1441007149997,2815.1441007149997,0,0,0,0,0,0,,reconciled
2026-07-21T12:40:42.531Z,market,IAG,0,4473.260331124175,4473.260331124175,0,0,0,0,0,0,,reconciled
2026-07-21T12:40:42.531Z,market,IUSD,0,107873.26059500001,107873.26059500001,0,0,0,0,0,0,,reconciled
2026-07-21T12:40:42.531Z,market,MIN,0,16391.193094334587,16391.193094334587,0,0,0,0,0,0,,reconciled
2026-07-21T12:40:42.531Z,market,NIGHT,0,23799.449179417286,23799.449179417286,0,0,0,0,0,0,,reconciled
2026-07-21T12:40:42.531Z,market,SHEN,0,2145.912987924225,2145.912987924225,0,0,0,0,0,0,,reconciled
2026-07-21T12:40:42.531Z,market,SNEK,0,15965.026044799999,15965.026044799999,0,0,0,0,0,0,,reconciled
2026-07-21T12:40:42.531Z,market,USDA,0,626483.966757,626483.966757,0,0,0,0,0,0,,reconciled
2026-07-21T12:40:42.531Z,market,USDC,0,382250.78222662996,382250.78222662996,0,0,0,0,0,0,,reconciled
2026-07-21T12:40:42.531Z,market,USDCx,0,669811.088599,669811.088599,0,0,0,0,0,0,,reconciled
2026-07-21T12:40:42.531Z,market,USDCx-USDM-SUNDAE-LP-STABLESWAP,0,85668.1136062696,85668.1136062696,0,0,0,0,0,0,,reconciled
2026-07-21T12:40:42.531Z,market,USDM,0,151911.90835199997,151911.90835199997,0,0,0,0,0,0,,reconciled
2026-07-21T12:40:42.531Z,market,USDT,0,425163.8520288301,425163.8520288301,0,0,0,0,0,0,,reconciled
2026-07-21T12:40:42.531Z,market,WMT,0,0,0,0,0,0,0,0,0,,reconciled
2026-07-21T12:40:42.531Z,protocol,,0,3551245.0462715738,3551245.0462715738,0,0,0,0,0,0,,reconciled
2026-07-21T14:28:50.858Z,market,Ada,0,71615.78944777334,71615.78944777334,0,0,0,0,0,0,,reconciled
2026-07-21T14:28:50.858Z,market,BTC,0,32472.164524799995,32472.164524799995,0,0,0,0,0,0,,reconciled
2026-07-21T14:28:50.858Z,market,COPI,0,0.01715341432871773,0.01715341432871773,0,0,0,0,0,0,,reconciled
2026-07-21T14:28:50.858Z,market,DAI,0,14.634841,14.634841,0,0,0,0,0,0,,reconciled
2026-07-21T14:28:50.858Z,market,DJED,0,931620.3108078208,931620.3108078208,0,0,0,0,0,0,,reconciled
2026-07-21T14:28:50.858Z,market,ERG,0,1645.2998957223203,1645.2998957223203,0,0,0,0,0,0,,reconciled
2026-07-21T14:28:50.858Z,market,ETH,0,2821.9815650699998,2821.9815650699998,0,0,0,0,0,0,,reconciled
2026-07-21T14:28:50.858Z,market,IAG,0,4457.726861692812,4457.726861692812,0,0,0,0,0,0,,reconciled
2026-07-21T14:28:50.858Z,market,IUSD,0,107840.26059500001,107840.26059500001,0,0,0,0,0,0,,reconciled
2026-07-21T14:28:50.858Z,market,MIN,0,16539.18645614551,16539.18645614551,0,0,0,0,0,0,,reconciled
2026-07-21T14:28:50.858Z,market,NIGHT,0,24136.61713905027,24136.61713905027,0,0,0,0,0,0,,reconciled
2026-07-21T14:28:50.858Z,market,SHEN,0,2155.588459100388,2155.588459100388,0,0,0,0,0,0,,reconciled
2026-07-21T14:28:50.858Z,market,SNEK,0,16143.0746624,16143.0746624,0,0,0,0,0,0,,reconciled
2026-07-21T14:28:50.858Z,market,USDA,0,626483.966757,626483.966757,0,0,0,0,0,0,,reconciled
2026-07-21T14:28:50.858Z,market,USDC,0,378272.57503898995,378272.57503898995,0,0,0,0,0,0,,reconciled
2026-07-21T14:28:50.858Z,market,USDCx,0,670211.408599,670211.408599,0,0,0,0,0,0,,reconciled
2026-07-21T14:28:50.858Z,market,USDCx-USDM-SUNDAE-LP-STABLESWAP,0,85676.63610065941,85676.63610065941,0,0,0,0,0,0,,reconciled
2026-07-21T14:28:50.858Z,market,USDM,0,151911.90835199997,151911.90835199997,0,0,0,0,0,0,,reconciled
2026-07-21T14:28:50.858Z,market,USDT,0,425215.70650777,425215.70650777,0,0,0,0,0,0,,reconciled
2026-07-21T14:28:50.858Z,market,WMT,0,0,0,0,0,0,0,0,0,,reconciled
2026-07-21T14:28:50.858Z,protocol,,0,3549234.853764409,3549234.853764409,0,0,0,0,0,0,,reconciled
2026-07-21T15:57:18.705Z,market,Ada,0,71615.78944777334,71615.78944777334,0,0,0,0,0,0,,reconciled
2026-07-21T15:57:18.705Z,market,BTC,0,32472.164524799995,32472.164524799995,0,0,0,0,0,0,,reconciled
2026-07-21T15:57:18.705Z,market,COPI,0,0.01715341432871773,0.01715341432871773,0,0,0,0,0,0,,reconciled
2026-07-21T15:57:18.705Z,market,DAI,0,14.635128,14.635128,0,0,0,0,0,0,,reconciled
2026-07-21T15:57:18.705Z,market,DJED,0,931723.0255217744,931723.0255217744,0,0,0,0,0,0,,reconciled
2026-07-21T15:57:18.705Z,market,ERG,0,1645.3012098550653,1645.3012098550653,0,0,0,0,0,0,,reconciled
2026-07-21T15:57:18.705Z,market,ETH,0,2822.0094399960003,2822.0094399960003,0,0,0,0,0,0,,reconciled
2026-07-21T15:57:18.705Z,market,IAG,0,4457.729241036864,4457.729241036864,0,0,0,0,0,0,,reconciled
2026-07-21T15:57:18.705Z,market,IUSD,0,107847.14917600004,107847.14917600004,0,0,0,0,0,0,,reconciled
2026-07-21T15:57:18.705Z,market,MIN,0,16539.328126220233,16539.328126220233,0,0,0,0,0,0,,reconciled
2026-07-21T15:57:18.705Z,market,NIGHT,0,26079.57782729501,26079.57782729501,0,0,0,0,0,0,,reconciled
2026-07-21T15:57:18.705Z,market,SHEN,0,2155.58892651882,2155.58892651882,0,0,0,0,0,0,,reconciled
2026-07-21T15:57:18.705Z,market,SNEK,0,16143.1234048,16143.1234048,0,0,0,0,0,0,,reconciled
2026-07-21T15:57:18.705Z,market,USDA,0,625911.9920419999,625911.9920419999,0,0,0,0,0,0,,reconciled
2026-07-21T15:57:18.705Z,market,USDC,0,378242.45278064994,378242.45278064994,0,0,0,0,0,0,,reconciled
2026-07-21T15:57:18.705Z,market,USDCx,0,670211.408599,670211.408599,0,0,0,0,0,0,,reconciled
2026-07-21T15:57:18.705Z,market,USDCx-USDM-SUNDAE-LP-STABLESWAP,0,85676.63610065941,85676.63610065941,0,0,0,0,0,0,,reconciled
2026-07-21T15:57:18.705Z,market,USDM,0,151911.90835199997,151911.90835199997,0,0,0,0,0,0,,reconciled
2026-07-21T15:57:18.705Z,market,USDT,0,425171.58703084,425171.58703084,0,0,0,0,0,0,,reconciled
2026-07-21T15:57:18.705Z,market,WMT,0,0,0,0,0,0,0,0,0,,reconciled
2026-07-21T15:57:18.705Z,protocol,,0,3550641.4240326337,3550641.4240326337,0,0,0,0,0,0,,reconciled
2026-07-21T18:07:34.036Z,market,Ada,0,71050.28386729043,71050.28386729043,0,0,0,0,0,0,,reconciled
2026-07-21T18:07:34.036Z,market,BTC,0,32329.343117300003,32329.343117300003,0,0,0,0,0,0,,reconciled
2026-07-21T18:07:34.036Z,market,COPI,0,0.01715341432871773,0.01715341432871773,0,0,0,0,0,0,,reconciled
2026-07-21T18:07:34.036Z,market,DAI,0,14.635128,14.635128,0,0,0,0,0,0,,reconciled
2026-07-21T18:07:34.036Z,market,DJED,0,921362.2877791121,921362.2877791121,0,0,0,0,0,0,,reconciled
2026-07-21T18:07:34.036Z,market,ERG,0,1646.1199528230998,1646.1199528230998,0,0,0,0,0,0,,reconciled
2026-07-21T18:07:34.036Z,market,ETH,0,2806.588623384,2806.588623384,0,0,0,0,0,0,,reconciled
2026-07-21T18:07:34.036Z,market,IAG,0,4423.820795764656,4423.820795764656,0,0,0,0,0,0,,reconciled
2026-07-21T18:07:34.036Z,market,IUSD,0,107080.35594535863,107080.35594535863,0,0,0,0,0,0,,reconciled
2026-07-21T18:07:34.036Z,market,MIN,0,16515.988471391694,16515.988471391694,0,0,0,0,0,0,,reconciled
2026-07-21T18:07:34.036Z,market,NIGHT,0,25835.798583095544,25835.798583095544,0,0,0,0,0,0,,reconciled
2026-07-21T18:07:34.036Z,market,SHEN,0,2138.634656836515,2138.634656836515,0,0,0,0,0,0,,reconciled
2026-07-21T18:07:34.036Z,market,SNEK,0,16262.352749799998,16262.352749799998,0,0,0,0,0,0,,reconciled
2026-07-21T18:07:34.036Z,market,USDA,0,626002.2628599999,626002.2628599999,0,0,0,0,0,0,,reconciled
2026-07-21T18:07:34.036Z,market,USDC,0,376976.41649653995,376976.41649653995,0,0,0,0,0,0,,reconciled
2026-07-21T18:07:34.036Z,market,USDCx,0,670231.9822239995,670231.9822239995,0,0,0,0,0,0,,reconciled
2026-07-21T18:07:34.036Z,market,USDCx-USDM-SUNDAE-LP-STABLESWAP,0,85676.63610065941,85676.63610065941,0,0,0,0,0,0,,reconciled
2026-07-21T18:07:34.036Z,market,USDM,0,151927.11643800006,151927.11643800006,0,0,0,0,0,0,,reconciled
2026-07-21T18:07:34.036Z,market,USDT,0,425129.20943648,425129.20943648,0,0,0,0,0,0,,reconciled
2026-07-21T18:07:34.036Z,market,WMT,0,0,0,0,0,0,0,0,0,,reconciled
2026-07-21T18:07:34.036Z,protocol,,0,3537409.85037925,3537409.85037925,0,0,0,0,0,0,,reconciled
2026-07-22T07:12:29.208Z,market,Ada,0,69683.2756411057,69683.2756411057,0,0,0,0,0,0,,reconciled
2026-07-22T07:12:29.208Z,market,BTC,0,32008.109356719997,32008.109356719997,0,0,0,0,0,0,,reconciled
2026-07-22T07:12:29.208Z,market,COPI,0,0.01715341432871773,0.01715341432871773,0,0,0,0,0,0,,reconciled
2026-07-22T07:12:29.208Z,market,DAI,0,14.635953,14.635953,0,0,0,0,0,0,,reconciled
2026-07-22T07:12:29.208Z,market,DJED,0,915566.4177447801,915566.4177447801,0,0,0,0,0,0,,reconciled
2026-07-22T07:12:29.208Z,market,ERG,0,1642.1049786487863,1642.1049786487863,0,0,0,0,0,0,,reconciled
2026-07-22T07:12:29.208Z,market,ETH,0,2790.9561738079997,2790.9561738079997,0,0,0,0,0,0,,reconciled
2026-07-22T07:12:29.208Z,market,IAG,0,4206.35856259925,4206.35856259925,0,0,0,0,0,0,,reconciled
2026-07-22T07:12:29.208Z,market,IUSD,0,106552.04289438024,106552.04289438024,0,0,0,0,0,0,,reconciled
2026-07-22T07:12:29.208Z,market,MIN,0,16093.056737573075,16093.056737573075,0,0,0,0,0,0,,reconciled
2026-07-22T07:12:29.208Z,market,NIGHT,0,27368.82276230841,27368.82276230841,0,0,0,0,0,0,,reconciled
2026-07-22T07:12:29.208Z,market,SHEN,0,1751.2726022718002,1751.2726022718002,0,0,0,0,0,0,,reconciled
2026-07-22T07:12:29.208Z,market,SNEK,0,16863.477725710003,16863.477725710003,0,0,0,0,0,0,,reconciled
2026-07-22T07:12:29.208Z,market,USDA,0,626260.8546130001,626260.8546130001,0,0,0,0,0,0,,reconciled
2026-07-22T07:12:29.208Z,market,USDC,0,358067.79616725,358067.79616725,0,0,0,0,0,0,,reconciled
2026-07-22T07:12:29.208Z,market,USDCx,0,674523.596069,674523.596069,0,0,0,0,0,0,,reconciled
2026-07-22T07:12:29.208Z,market,USDCx-USDM-SUNDAE-LP-STABLESWAP,0,85676.63610065941,85676.63610065941,0,0,0,0,0,0,,reconciled
2026-07-22T07:12:29.208Z,market,USDM,0,151968.94087400002,151968.94087400002,0,0,0,0,0,0,,reconciled
2026-07-22T07:12:29.208Z,market,USDT,0,425111.96530191996,425111.96530191996,0,0,0,0,0,0,,reconciled
2026-07-22T07:12:29.208Z,market,WMT,0,0,0,0,0,0,0,0,0,,reconciled
2026-07-22T07:12:29.208Z,protocol,,0,3516150.3374121496,3516150.3374121496,0,0,0,0,0,0,,reconciled
2026-07-22T08:20:48.202Z,market,Ada,0,69825.67738381833,69825.67738381833,0,0,0,0,0,0,,reconciled
2026-07-22T08:20:48.202Z,market,BTC,0,32034.327205600006,32034.327205600006,0,0,0,0,0,0,,reconciled
2026-07-22T08:20:48.202Z,market,COPI,0,0.01715341432871773,0.01715341432871773,0,0,0,0,0,0,,reconciled
2026-07-22T08:20:48.202Z,market,DAI,0,14.635953,14.635953,0,0,0,0,0,0,,reconciled
2026-07-22T08:20:48.202Z,market,DJED,0,923457.9496094021,923457.9496094021,0,0,0,0,0,0,,reconciled
2026-07-22T08:20:48.202Z,market,ERG,0,1643.4447433852415,1643.4447433852415,0,0,0,0,0,0,,reconciled
2026-07-22T08:20:48.202Z,market,ETH,0,2792.265525641,2792.265525641,0,0,0,0,0,0,,reconciled
2026-07-22T08:20:48.202Z,market,IAG,0,4238.3727304479,4238.3727304479,0,0,0,0,0,0,,reconciled
2026-07-22T08:20:48.202Z,market,IUSD,0,107866.940904,107866.940904,0,0,0,0,0,0,,reconciled
2026-07-22T08:20:48.202Z,market,MIN,0,16136.023894133943,16136.023894133943,0,0,0,0,0,0,,reconciled
2026-07-22T08:20:48.202Z,market,NIGHT,0,27100.78634333872,27100.78634333872,0,0,0,0,0,0,,reconciled
2026-07-22T08:20:48.202Z,market,SHEN,0,1756.54249062925,1756.54249062925,0,0,0,0,0,0,,reconciled
2026-07-22T08:20:48.202Z,market,SNEK,0,16862.41789617,16862.41789617,0,0,0,0,0,0,,reconciled
2026-07-22T08:20:48.202Z,market,USDA,0,626260.8546130001,626260.8546130001,0,0,0,0,0,0,,reconciled
2026-07-22T08:20:48.202Z,market,USDC,0,354020.70420507004,354020.70420507004,0,0,0,0,0,0,,reconciled
2026-07-22T08:20:48.202Z,market,USDCx,0,674523.596069,674523.596069,0,0,0,0,0,0,,reconciled
2026-07-22T08:20:48.202Z,market,USDCx-USDM-SUNDAE-LP-STABLESWAP,0,85676.63610065941,85676.63610065941,0,0,0,0,0,0,,reconciled
2026-07-22T08:20:48.202Z,market,USDM,0,151968.94087400002,151968.94087400002,0,0,0,0,0,0,,reconciled
2026-07-22T08:20:48.202Z,market,USDT,0,425111.96530191996,425111.96530191996,0,0,0,0,0,0,,reconciled
2026-07-22T08:20:48.202Z,market,WMT,0,0,0,0,0,0,0,0,0,,reconciled
2026-07-22T08:20:48.202Z,protocol,,0,3521292.098996631,3521292.098996631,0,0,0,0,0,0,,reconciled
2026-07-22T13:01:36.443Z,market,Ada,0,70227.47952703854,70227.47952703854,0,0,0,0,0,0,,reconciled
2026-07-22T13:01:36.443Z,market,BTC,0,31970.096677710004,31970.096677710004,0,0,0,0,0,0,,reconciled
2026-07-22T13:01:36.443Z,market,COPI,0,0.01715341432871773,0.01715341432871773,0,0,0,0,0,0,,reconciled
2026-07-22T13:01:36.443Z,market,DAI,0,14.636204000000001,14.636204000000001,0,0,0,0,0,0,,reconciled
2026-07-22T13:01:36.443Z,market,DJED,0,917318.6157803697,917318.6157803697,0,0,0,0,0,0,,reconciled
2026-07-22T13:01:36.443Z,market,ERG,0,1642.4042033771175,1642.4042033771175,0,0,0,0,0,0,,reconciled
2026-07-22T13:01:36.443Z,market,ETH,0,2800.145810871,2800.145810871,0,0,0,0,0,0,,reconciled
2026-07-22T13:01:36.443Z,market,IAG,0,4306.381169310225,4306.381169310225,0,0,0,0,0,0,,reconciled
2026-07-22T13:01:36.443Z,market,IUSD,0,107800.0074974523,107800.0074974523,0,0,0,0,0,0,,reconciled
2026-07-22T13:01:36.443Z,market,MIN,0,16179.118594350399,16179.118594350399,0,0,0,0,0,0,,reconciled
2026-07-22T13:01:36.443Z,market,NIGHT,0,25750.901986990448,25750.901986990448,0,0,0,0,0,0,,reconciled
2026-07-22T13:01:36.443Z,market,SHEN,0,1766.796068518579,1766.796068518579,0,0,0,0,0,0,,reconciled
2026-07-22T13:01:36.443Z,market,SNEK,0,16754.394641760002,16754.394641760002,0,0,0,0,0,0,,reconciled
2026-07-22T13:01:36.443Z,market,USDA,0,626350.6396669998,626350.6396669998,0,0,0,0,0,0,,reconciled
2026-07-22T13:01:36.443Z,market,USDC,0,354206.01549797,354206.01549797,0,0,0,0,0,0,,reconciled
2026-07-22T13:01:36.443Z,market,USDCx,0,675748.177777,675748.177777,0,0,0,0,0,0,,reconciled
2026-07-22T13:01:36.443Z,market,USDCx-USDM-SUNDAE-LP-STABLESWAP,0,86336.05293736061,86336.05293736061,0,0,0,0,0,0,,reconciled
2026-07-22T13:01:36.443Z,market,USDM,0,151981.63452499997,151981.63452499997,0,0,0,0,0,0,,reconciled
2026-07-22T13:01:36.443Z,market,USDT,0,425171.5821399501,425171.5821399501,0,0,0,0,0,0,,reconciled
2026-07-22T13:01:36.443Z,market,WMT,0,0,0,0,0,0,0,0,0,,reconciled
2026-07-22T13:01:36.443Z,protocol,,0,3516325.097859443,3516325.097859443,0,0,0,0,0,0,,reconciled
2026-07-22T17:39:26.135Z,market,Ada,0,72428.96914053535,72428.96914053535,0,0,0,0,0,0,,reconciled
2026-07-22T17:39:26.135Z,market,BTC,0,32092.269413240003,32092.269413240003,0,0,0,0,0,0,,reconciled
2026-07-22T17:39:26.135Z,market,COPI,0,0.01715341432871773,0.01715341432871773,0,0,0,0,0,0,,reconciled
2026-07-22T17:39:26.135Z,market,DAI,0,14.636778,14.636778,0,0,0,0,0,0,,reconciled
2026-07-22T17:39:26.135Z,market,DJED,0,921517.8530958077,921517.8530958077,0,0,0,0,0,0,,reconciled
2026-07-22T17:39:26.135Z,market,ERG,0,1627.0741111127982,1627.0741111127982,0,0,0,0,0,0,,reconciled
2026-07-22T17:39:26.135Z,market,ETH,0,2828.42579247,2828.42579247,0,0,0,0,0,0,,reconciled
2026-07-22T17:39:26.135Z,market,IAG,0,4425.918138777564,4425.918138777564,0,0,0,0,0,0,,reconciled
2026-07-22T17:39:26.135Z,market,IUSD,0,107886.718468,107886.718468,0,0,0,0,0,0,,reconciled
2026-07-22T17:39:26.135Z,market,MIN,0,16559.705266859277,16559.705266859277,0,0,0,0,0,0,,reconciled
2026-07-22T17:39:26.135Z,market,NIGHT,0,24467.72358386495,24467.72358386495,0,0,0,0,0,0,,reconciled
2026-07-22T17:39:26.135Z,market,SHEN,0,1876.577200425318,1876.577200425318,0,0,0,0,0,0,,reconciled
2026-07-22T17:39:26.135Z,market,SNEK,0,17022.15544766,17022.15544766,0,0,0,0,0,0,,reconciled
2026-07-22T17:39:26.135Z,market,USDA,0,626427.8961879998,626427.8961879998,0,0,0,0,0,0,,reconciled
2026-07-22T17:39:26.135Z,market,USDC,0,333718.18251255003,333718.18251255003,0,0,0,0,0,0,,reconciled
2026-07-22T17:39:26.135Z,market,USDCx,0,675871.7994899995,675871.7994899995,0,0,0,0,0,0,,reconciled
2026-07-22T17:39:26.135Z,market,USDCx-USDM-SUNDAE-LP-STABLESWAP,0,87762.0272088645,87762.0272088645,0,0,0,0,0,0,,reconciled
2026-07-22T17:39:26.135Z,market,USDM,0,152010.48081300006,152010.48081300006,0,0,0,0,0,0,,reconciled
2026-07-22T17:39:26.135Z,market,USDT,0,425125.89217517007,425125.89217517007,0,0,0,0,0,0,,reconciled
2026-07-22T17:39:26.135Z,market,WMT,0,0,0,0,0,0,0,0,0,,reconciled
2026-07-22T17:39:26.135Z,protocol,,0,3503664.321977752,3503664.321977752,0,0,0,0,0,0,,reconciled
2026-07-23T07:59:34.734Z,market,Ada,0,63550.82802490193,63550.82802490193,0,0,0,0,0,0,,reconciled
2026-07-23T07:59:34.734Z,market,BTC,0,31871.5098768,31871.5098768,0,0,0,0,0,0,,reconciled
2026-07-23T07:59:34.734Z,market,COPI,0,0.01715341432871773,0.01715341432871773,0,0,0,0,0,0,,reconciled
2026-07-23T07:59:34.734Z,market,DAI,0,14.637603,14.637603,0,0,0,0,0,0,,reconciled
2026-07-23T07:59:34.734Z,market,DJED,0,921440.0959828725,921440.0959828725,0,0,0,0,0,0,,reconciled
2026-07-23T07:59:34.734Z,market,ERG,0,1632.7351953421537,1632.7351953421537,0,0,0,0,0,0,,reconciled
2026-07-23T07:59:34.734Z,market,ETH,0,2796.497945463,2796.497945463,0,0,0,0,0,0,,reconciled
2026-07-23T07:59:34.734Z,market,IAG,0,4461.349000311851,4461.349000311851,0,0,0,0,0,0,,reconciled
2026-07-23T07:59:34.734Z,market,IUSD,0,107906.55015000001,107906.55015000001,0,0,0,0,0,0,,reconciled
2026-07-23T07:59:34.734Z,market,MIN,0,16622.677556221184,16622.677556221184,0,0,0,0,0,0,,reconciled
2026-07-23T07:59:34.734Z,market,NIGHT,0,25567.766703484558,25567.766703484558,0,0,0,0,0,0,,reconciled
2026-07-23T07:59:34.734Z,market,SHEN,0,1922.2791407558047,1922.2791407558047,0,0,0,0,0,0,,reconciled
2026-07-23T07:59:34.734Z,market,SNEK,0,16736.22588932,16736.22588932,0,0,0,0,0,0,,reconciled
2026-07-23T07:59:34.734Z,market,USDA,0,626769.5787060001,626769.5787060001,0,0,0,0,0,0,,reconciled
2026-07-23T07:59:34.734Z,market,USDC,0,318805.32260486,318805.32260486,0,0,0,0,0,0,,reconciled
2026-07-23T07:59:34.734Z,market,USDCx,0,684379.7104619996,684379.7104619996,0,0,0,0,0,0,,reconciled
2026-07-23T07:59:34.734Z,market,USDCx-USDM-SUNDAE-LP-STABLESWAP,0,87753.2990112306,87753.2990112306,0,0,0,0,0,0,,reconciled
2026-07-23T07:59:34.734Z,market,USDM,0,152052.00427,152052.00427,0,0,0,0,0,0,,reconciled
2026-07-23T07:59:34.734Z,market,USDT,0,425297.29952546005,425297.29952546005,0,0,0,0,0,0,,reconciled
2026-07-23T07:59:34.734Z,market,WMT,0,0,0,0,0,0,0,0,0,,reconciled
2026-07-23T07:59:34.734Z,protocol,,0,3489580.384801438,3489580.384801438,0,0,0,0,0,0,,reconciled
2026-07-23T13:29:58.827Z,market,Ada,0,62436.04941341496,61857.88632520009,-578.1630882148747,0,0,0,0,0,,reconciled
2026-07-23T13:29:58.827Z,market,BTC,0,31793.0687991,31793.04981048,-0.01898862000234658,0,0,0,0,0,,reconciled
2026-07-23T13:29:58.827Z,market,COPI,0,0,0,0,0,0,0,0,0,,reconciled
2026-07-23T13:29:58.827Z,market,DAI,0,11.34688,11.34688,0,0,0,0,0,0,,reconciled
2026-07-23T13:29:58.827Z,market,DJED,0,921255.0698745418,921223.2127134658,-31.85716107604094,0,0,0,0,0,,reconciled
2026-07-23T13:29:58.827Z,market,ERG,0,1634.5974815853792,1633.7133079280002,-0.8841736573790513,0,0,0,0,0,,reconciled
2026-07-23T13:29:58.827Z,market,ETH,0,2797.8315437999995,2797.8213518999996,-0.01019189999988157,0,0,0,0,0,,reconciled
2026-07-23T13:29:58.827Z,market,IAG,0,4354.880986962702,4352.893416667641,-1.9875702950612322,0,0,0,0,0,,reconciled
2026-07-23T13:29:58.827Z,market,IUSD,0,105233.7923418099,105233.7923418099,0,0,0,0,0,0,,reconciled
2026-07-23T13:29:58.827Z,market,MIN,0,16375.601680213706,16374.460560945517,-1.1411192681880493,0,0,0,0,0,,reconciled
2026-07-23T13:29:58.827Z,market,NIGHT,0,25515.45473330637,25495.980494438092,-19.474238868278917,0,0,0,0,0,,reconciled
2026-07-23T13:29:58.827Z,market,SHEN,0,1884.1394427614273,1882.7753915249841,-1.3640512364431743,0,0,0,0,0,,reconciled
2026-07-23T13:29:58.827Z,market,SNEK,0,16585.15379927,16585.15379927,0,0,0,0,0,0,,reconciled
2026-07-23T13:29:58.827Z,market,USDA,0,626362.3453969999,626361.8275399999,-0.5178569999989122,0,0,0,0,0,,reconciled
2026-07-23T13:29:58.827Z,market,USDC,0,320389.88459824,320265.77125752997,-124.11334071005695,0,0,0,0,0,,reconciled
2026-07-23T13:29:58.827Z,market,USDCx,0,684402.8510589998,684386.6065209999,-16.244537999853492,0,0,0,0,0,,reconciled
2026-07-23T13:29:58.827Z,market,USDCx-USDM-SUNDAE-LP-STABLESWAP,0,87762.0272088645,87712.057851705,-49.96935715949803,0,0,0,0,0,,reconciled
2026-07-23T13:29:58.827Z,market,USDM,0,152064.77466299996,152064.77466299996,0,0,0,0,0,0,,reconciled
2026-07-23T13:29:58.827Z,market,USDT,0,424043.11869688984,424024.93387377984,-18.18482311000116,0,0,0,0,0,,reconciled
2026-07-23T13:29:58.827Z,market,WMT,0,0,0,0,0,0,0,0,0,,reconciled
2026-07-23T13:29:58.827Z,protocol,,0,3484901.988599761,3484058.0581006436,-843.9304991173558,0,0,0,0,0,,reconciled
2026-07-23T15:39:37.325Z,market,Ada,0,62516.32016418019,61937.41376203704,-578.906402143155,0,0,0,0,0,,reconciled
2026-07-23T15:39:37.325Z,market,BTC,0,31565.734285050003,31565.715432440003,-0.01885260999915772,0,0,0,0,0,,reconciled
2026-07-23T15:39:37.325Z,market,COPI,0,0,0,0,0,0,0,0,0,,reconciled
2026-07-23T15:39:37.325Z,market,DAI,0,11.347167,11.347167,0,0,0,0,0,0,,reconciled
2026-07-23T15:39:37.325Z,market,DJED,0,917106.8117368394,917075.4487848204,-31.362952018971555,0,0,0,0,0,,reconciled
2026-07-23T15:39:37.325Z,market,ERG,0,1623.9552118939614,1623.0796630048085,-0.875548889152924,0,0,0,0,0,,reconciled
2026-07-23T15:39:37.325Z,market,ETH,0,2765.995882467,2765.9858066369998,-0.010075830000005226,0,0,0,0,0,,reconciled
2026-07-23T15:39:37.325Z,market,IAG,0,4356.209054284628,4354.226707928484,-1.9823463561442622,0,0,0,0,0,,reconciled
2026-07-23T15:39:37.325Z,market,IUSD,0,105959.4652156395,105959.4652156395,0,0,0,0,0,0,,reconciled
2026-07-23T15:39:37.325Z,market,MIN,0,16094.039984240928,16092.953705957098,-1.0862782838303247,0,0,0,0,0,,reconciled
2026-07-23T15:39:37.325Z,market,NIGHT,0,25252.38442184468,25233.12832579225,-19.256096052427893,0,0,0,0,0,,reconciled
2026-07-23T15:39:37.325Z,market,SHEN,0,1886.47982612136,1885.115332434852,-1.3644936865080126,0,0,0,0,0,,reconciled
2026-07-23T15:39:37.325Z,market,SNEK,0,16573.573885499998,16573.573885499998,0,0,0,0,0,0,,reconciled
2026-07-23T15:39:37.325Z,market,USDA,0,626439.2350560001,626438.7172080001,-0.5178479999303818,0,0,0,0,0,,reconciled
2026-07-23T15:39:37.325Z,market,USDC,0,317324.90822444006,317213.63322528003,-111.27499916002853,0,0,0,0,0,,reconciled
2026-07-23T15:39:37.325Z,market,USDCx,0,684425.8025329995,684411.3979509998,-14.404581999755464,0,0,0,0,0,,reconciled
2026-07-23T15:39:37.325Z,market,USDCx-USDM-SUNDAE-LP-STABLESWAP,0,87762.0272088645,87712.057851705,-49.96935715949803,0,0,0,0,0,,reconciled
2026-07-23T15:39:37.325Z,market,USDM,0,152079.37318300008,152079.37318300008,0,0,0,0,0,0,,reconciled
2026-07-23T15:39:37.325Z,market,USDT,0,425210.47388509987,425169.08906198986,-41.3848231100128,0,0,0,0,0,,reconciled
2026-07-23T15:39:37.325Z,market,WMT,0,0,0,0,0,0,0,0,0,,reconciled
2026-07-23T15:39:37.325Z,protocol,,0,3478954.136925466,3478101.722270166,-852.4146552998573,0,0,0,0,0,,reconciled
2026-07-25T07:40:09.562Z,market,Ada,0,57982.41306073077,57433.32230884865,-549.0907518821186,0,0,0,0,0,,reconciled
2026-07-25T07:40:09.562Z,market,BTC,0,31072.311844600004,31072.293928520005,-0.0179160799998499,0,0,0,0,0,,reconciled
2026-07-25T07:40:09.562Z,market,COPI,0,0,0,0,0,0,0,0,0,,reconciled
2026-07-25T07:40:09.562Z,market,DAI,0,11.349642,11.349642,0,0,0,0,0,0,,reconciled
2026-07-25T07:40:09.562Z,market,DJED,0,917691.5868279178,917663.1034033182,-28.48342459963169,0,0,0,0,0,,reconciled
2026-07-25T07:40:09.562Z,market,ERG,0,1802.49680973769,1801.507134495008,-0.9896752426820967,0,0,0,0,0,,reconciled
2026-07-25T07:40:09.562Z,market,ETH,0,2702.79063035,2702.78082275,-0.009807599999930972,0,0,0,0,0,,reconciled
2026-07-25T07:40:09.562Z,market,IAG,0,4197.86210937792,4196.0071998856,-1.8549094923200755,0,0,0,0,0,,reconciled
2026-07-25T07:40:09.562Z,market,IUSD,0,106229.65253731742,106229.65253731742,0,0,0,0,0,0,,reconciled
2026-07-25T07:40:09.562Z,market,MIN,0,15537.033425796517,15536.264287751304,-0.7691380452124577,0,0,0,0,0,,reconciled
2026-07-25T07:40:09.562Z,market,NIGHT,0,25911.90456264556,25892.266883003103,-19.637679642455623,0,0,0,0,0,,reconciled
2026-07-25T07:40:09.562Z,market,SHEN,0,1869.274059338776,1867.9294881175879,-1.3445712211880618,0,0,0,0,0,,reconciled
2026-07-25T07:40:09.562Z,market,SNEK,0,15053.80571772,15053.80571772,0,0,0,0,0,0,,reconciled
2026-07-25T07:40:09.562Z,market,USDA,0,627180.9686830002,627180.4509190002,-0.5177639999892563,0,0,0,0,0,,reconciled
2026-07-25T07:40:09.562Z,market,USDC,0,325928.03922979004,325902.81668113,-25.222548660065513,0,0,0,0,0,,reconciled
2026-07-25T07:40:09.562Z,market,USDCx,0,684530.1155539996,684527.1573789997,-2.9581749998033047,0,0,0,0,0,,reconciled
2026-07-25T07:40:09.562Z,market,USDCx-USDM-SUNDAE-LP-STABLESWAP,0,87919.4141022192,87873.39513914399,-46.01896307521383,0,0,0,0,0,,reconciled
2026-07-25T07:40:09.562Z,market,USDM,0,152204.832762,152204.832762,0,0,0,0,0,0,,reconciled
2026-07-25T07:40:09.562Z,market,USDT,0,425750.1877995201,425736.2713319101,-13.916467609989922,0,0,0,0,0,,reconciled
2026-07-25T07:40:09.562Z,market,WMT,0,0,0,0,0,0,0,0,0,,reconciled
2026-07-25T07:40:09.562Z,protocol,,0,3483576.039358061,3482885.20756591,-690.8317921506241,0,0,0,0,0,,reconciled
2026-07-25T09:34:25.956Z,market,Ada,0,57435.96624117525,56892.30468014609,-543.6615610291628,0,0,0,0,0,,reconciled
2026-07-25T09:34:25.956Z,market,BTC,0,31028.018348460002,31028.00045814,-0.017890320003061788,0,0,0,0,0,,reconciled
2026-07-25T09:34:25.956Z,market,COPI,0,0,0,0,0,0,0,0,0,,reconciled
2026-07-25T09:34:25.956Z,market,DAI,0,11.349929,11.349929,0,0,0,0,0,0,,reconciled
2026-07-25T09:34:25.956Z,market,DJED,0,913385.0240924555,913356.9797201154,-28.04437234008219,0,0,0,0,0,,reconciled
2026-07-25T09:34:25.956Z,market,ERG,0,1790.1121530493958,1789.1330081254025,-0.9791449239933172,0,0,0,0,0,,reconciled
2026-07-25T09:34:25.956Z,market,ETH,0,2695.5419244,2695.5321432,-0.009781199999906676,0,0,0,0,0,,reconciled
2026-07-25T09:34:25.956Z,market,IAG,0,4183.846211011121,4182.003894091607,-1.8423169195139053,0,0,0,0,0,,reconciled
2026-07-25T09:34:25.956Z,market,IUSD,0,106476.21452834074,106476.21452834074,0,0,0,0,0,0,,reconciled
2026-07-25T09:34:25.956Z,market,MIN,0,15405.04214205028,15404.305193652668,-0.7369483976126503,0,0,0,0,0,,reconciled
2026-07-25T09:34:25.956Z,market,NIGHT,0,25730.629995447358,25711.129697133594,-19.50029831376378,0,0,0,0,0,,reconciled
2026-07-25T09:34:25.956Z,market,SHEN,0,1851.5856745951019,1850.255108612505,-1.3305659825969087,0,0,0,0,0,,reconciled
2026-07-25T09:34:25.956Z,market,SNEK,0,14838.70556,14838.70556,0,0,0,0,0,0,,reconciled
2026-07-25T09:34:25.956Z,market,USDA,0,627180.9686830002,627180.4509190002,-0.5177639999892563,0,0,0,0,0,,reconciled
2026-07-25T09:34:25.956Z,market,USDC,0,322038.90750114,322015.5541319,-23.35336924000876,0,0,0,0,0,,reconciled
2026-07-25T09:34:25.956Z,market,USDCx,0,684530.1155539996,684527.1573789997,-2.9581749998033047,0,0,0,0,0,,reconciled
2026-07-25T09:34:25.956Z,market,USDCx-USDM-SUNDAE-LP-STABLESWAP,0,87919.4141022192,87873.867524772,-45.54657744721044,0,0,0,0,0,,reconciled
2026-07-25T09:34:25.956Z,market,USDM,0,152206.7343,152206.7343,0,0,0,0,0,0,,reconciled
2026-07-25T09:34:25.956Z,market,USDT,0,435257.78779952007,435236.2713319101,-21.51646760996664,0,0,0,0,0,,reconciled
2026-07-25T09:34:25.956Z,market,WMT,0,0,0,0,0,0,0,0,0,,reconciled
2026-07-25T09:34:25.956Z,protocol,,0,3483965.9647398638,3483275.94950714,-690.0152327236719,0,0,0,0,0,,reconciled
2026-07-25T13:06:31.124Z,market,Ada,0,57749.52743966248,57203.15360792498,-546.3738317375028,0,0,0,0,0,,reconciled
2026-07-25T13:06:31.124Z,market,BTC,0,31073.180737829993,31073.162821469996,-0.017916359996888787,0,0,0,0,0,,reconciled
2026-07-25T13:06:31.124Z,market,COPI,0,0,0,0,0,0,0,0,0,,reconciled
2026-07-25T13:06:31.124Z,market,DAI,0,11.349929,11.349929,0,0,0,0,0,0,,reconciled
2026-07-25T13:06:31.124Z,market,DJED,0,921088.930003707,921060.4581129573,-28.471890749642625,0,0,0,0,0,,reconciled
2026-07-25T13:06:31.124Z,market,ERG,0,1796.2637412042045,1795.2812315210226,-0.9825096831818882,0,0,0,0,0,,reconciled
2026-07-25T13:06:31.124Z,market,ETH,0,2699.9071744800003,2699.89737744,-0.009797040000194102,0,0,0,0,0,,reconciled
2026-07-25T13:06:31.124Z,market,IAG,0,4191.044714860548,4189.199228148272,-1.8454867122763972,0,0,0,0,0,,reconciled
2026-07-25T13:06:31.124Z,market,IUSD,0,107473.95325098909,107473.95325098909,0,0,0,0,0,0,,reconciled
2026-07-25T13:06:31.124Z,market,MIN,0,15575.342742236187,15574.597646976446,-0.7450952597409923,0,0,0,0,0,,reconciled
2026-07-25T13:06:31.124Z,market,NIGHT,0,26031.028634220125,26011.32458687515,-19.704047344974242,0,0,0,0,0,,reconciled
2026-07-25T13:06:31.124Z,market,SHEN,0,1861.713918704892,1860.37607447573,-1.337844229161874,0,0,0,0,0,,reconciled
2026-07-25T13:06:31.124Z,market,SNEK,0,14995.57187592,14995.57187592,0,0,0,0,0,0,,reconciled
2026-07-25T13:06:31.124Z,market,USDA,0,627267.1921890001,627266.674435,-0.5177540000295267,0,0,0,0,0,,reconciled
2026-07-25T13:06:31.124Z,market,USDC,0,322038.90750114,322015.5541319,-23.35336924000876,0,0,0,0,0,,reconciled
2026-07-25T13:06:31.124Z,market,USDCx,0,684552.4219790009,684549.803569001,-2.618409999879077,0,0,0,0,0,,reconciled
2026-07-25T13:06:31.124Z,market,USDCx-USDM-SUNDAE-LP-STABLESWAP,0,87919.41481116721,87874.28281243202,-45.13199873518897,0,0,0,0,0,,reconciled
2026-07-25T13:06:31.124Z,market,USDM,0,152206.7343,152206.7343,0,0,0,0,0,0,,reconciled
2026-07-25T13:06:31.124Z,market,USDT,0,435317.2776666101,435297.32888742007,-19.948779190017376,0,0,0,0,0,,reconciled
2026-07-25T13:06:31.124Z,market,WMT,0,0,0,0,0,0,0,0,0,,reconciled
2026-07-25T13:06:31.124Z,protocol,,0,3493849.7626097333,3493158.7038794514,-691.0587302818894,0,0,0,0,0,,reconciled
2026-07-26T05:30:39.012Z,market,Ada,0,63610.519775053435,63052.8576523364,-557.6621227170326,0,0,0,0,0,,reconciled
2026-07-26T05:30:39.012Z,market,BTC,0,31296.116564040003,31296.098520000003,-0.018044039999949746,0,0,0,0,0,,reconciled
2026-07-26T05:30:39.012Z,market,COPI,0,0,0,0,0,0,0,0,0,,reconciled
2026-07-26T05:30:39.012Z,market,DAI,0,11.351041,11.351041,0,0,0,0,0,0,,reconciled
2026-07-26T05:30:39.012Z,market,DJED,0,919687.0051800666,919660.0090226972,-26.996157369343564,0,0,0,0,0,,reconciled
2026-07-26T05:30:39.012Z,market,ERG,0,1774.9886614722784,1774.0316596514292,-0.9570018208492002,0,0,0,0,0,,reconciled
2026-07-26T05:30:39.012Z,market,ETH,0,2734.20629374,2734.19639141,-0.00990232999993168,0,0,0,0,0,,reconciled
2026-07-26T05:30:39.012Z,market,IAG,0,4113.7640245719795,4111.97694989256,-1.7870746794196748,0,0,0,0,0,,reconciled
2026-07-26T05:30:39.012Z,market,IUSD,0,112261.79318779754,112259.09906634073,-2.694121456806897,0,0,0,0,0,,reconciled
2026-07-26T05:30:39.012Z,market,MIN,0,15767.894229486734,15767.256215012261,-0.638014474472584,0,0,0,0,0,,reconciled
2026-07-26T05:30:39.012Z,market,NIGHT,0,23409.107938460715,23391.534086819098,-17.573851641616784,0,0,0,0,0,,reconciled
2026-07-26T05:30:39.012Z,market,SHEN,0,1890.7594293792638,1889.4065102246402,-1.352919154623578,0,0,0,0,0,,reconciled
2026-07-26T05:30:39.012Z,market,SNEK,0,15374.2341726,15374.2341726,0,0,0,0,0,0,,reconciled
2026-07-26T05:30:39.012Z,market,USDA,0,627599.9015210001,627599.3838050001,-0.5177159999730065,0,0,0,0,0,,reconciled
2026-07-26T05:30:39.012Z,market,USDC,0,308488.82711248007,308464.36448056006,-24.462631920003332,0,0,0,0,0,,reconciled
2026-07-26T05:30:39.012Z,market,USDCx,0,695524.9409980003,695508.9203520003,-16.020646000048146,0,0,0,0,0,,reconciled
2026-07-26T05:30:39.012Z,market,USDCx-USDM-SUNDAE-LP-STABLESWAP,0,99385.8370475697,99334.30469495658,-51.53235261312511,0,0,0,0,0,,reconciled
2026-07-26T05:30:39.012Z,market,USDM,0,152263.24494500007,152263.24494500007,0,0,0,0,0,0,,reconciled
2026-07-26T05:30:39.012Z,market,USDT,0,438431.64881865,438415.267377,-16.381441649980843,0,0,0,0,0,,reconciled
2026-07-26T05:30:39.012Z,market,WMT,0,0,0,0,0,0,0,0,0,,reconciled
2026-07-26T05:30:39.012Z,protocol,,0,3513626.140940369,3512907.536942501,-718.6039978680201,0,0,0,0,0,,reconciled
2026-07-26T14:19:38.041Z,market,Ada,0,63450.32415775149,62894.77018788558,-555.5539698659122,0,0,0,0,0,,reconciled
2026-07-26T14:19:38.041Z,market,BTC,0,31392.515545600003,31392.497446400004,-0.018099199998687254,0,0,0,0,0,,reconciled
2026-07-26T14:19:38.041Z,market,COPI,0,0,0,0,0,0,0,0,0,,reconciled
2026-07-26T14:19:38.041Z,market,DAI,0,11.351579,11.351579,0,0,0,0,0,0,,reconciled
2026-07-26T14:19:38.041Z,market,DJED,0,916099.2262684373,916073.0774755252,-26.148792912135832,0,0,0,0,0,,reconciled
2026-07-26T14:19:38.041Z,market,ERG,0,1781.808570128237,1780.8553175756813,-0.9532525525557958,0,0,0,0,0,,reconciled
2026-07-26T14:19:38.041Z,market,ETH,0,2755.211342268,2755.2013829840002,-0.009959283999705804,0,0,0,0,0,,reconciled
2026-07-26T14:19:38.041Z,market,IAG,0,4086.678952039104,4084.9153636899964,-1.763588349107522,0,0,0,0,0,,reconciled
2026-07-26T14:19:38.041Z,market,IUSD,0,107575.70943157215,107575.70943157215,0,0,0,0,0,0,,reconciled
2026-07-26T14:19:38.041Z,market,MIN,0,15727.282893490941,15726.702646703048,-0.5802467878929747,0,0,0,0,0,,reconciled
2026-07-26T14:19:38.041Z,market,NIGHT,0,24182.75621869014,24164.637751940994,-18.118466749147046,0,0,0,0,0,,reconciled
2026-07-26T14:19:38.041Z,market,SHEN,0,1885.938631239746,1884.591959572477,-1.3466716672689927,0,0,0,0,0,,reconciled
2026-07-26T14:19:38.041Z,market,SNEK,0,15628.231070240001,15628.231070240001,0,0,0,0,0,0,,reconciled
2026-07-26T14:19:38.041Z,market,USDA,0,627760.5395160002,627760.0218180001,-0.5176980000687763,0,0,0,0,0,,reconciled
2026-07-26T14:19:38.041Z,market,USDC,0,308535.70801991,308512.56885536003,-23.13916454993887,0,0,0,0,0,,reconciled
2026-07-26T14:19:38.041Z,market,USDCx,0,695601.6812959992,695587.8732799992,-13.808015999966301,0,0,0,0,0,,reconciled
2026-07-26T14:19:38.041Z,market,USDCx-USDM-SUNDAE-LP-STABLESWAP,0,99385.909175368,99336.9687127949,-48.94046257309674,0,0,0,0,0,,reconciled
2026-07-26T14:19:38.041Z,market,USDM,0,153972.026641,153970.984753,-1.0418880000070203,0,0,0,0,0,,reconciled
2026-07-26T14:19:38.041Z,market,USDT,0,430619.41781958996,430606.40369630995,-13.01412328000879,0,0,0,0,0,,reconciled
2026-07-26T14:19:38.041Z,market,WMT,0,0,0,0,0,0,0,0,0,,reconciled
2026-07-26T14:19:38.041Z,protocol,,0,3500452.317128325,3499747.362728554,-704.9543997710571,0,0,0,0,0,,reconciled
2026-07-27T07:11:34.384Z,market,Ada,0,64208.96997297557,63648.108777532965,-560.8611954426015,0,0,0,0,0,,reconciled
2026-07-27T07:11:34.384Z,market,BTC,0,31831.122459600003,31831.104108400003,-0.018351200000324752,0,0,0,0,0,,reconciled
2026-07-27T07:11:34.384Z,market,COPI,0,0,0,0,0,0,0,0,0,,reconciled
2026-07-27T07:11:34.384Z,market,DAI,0,11.352691,11.352691,0,0,0,0,0,0,,reconciled
2026-07-27T07:11:34.384Z,market,DJED,0,921656.2141874044,921631.2745511584,-24.939636245951988,0,0,0,0,0,,reconciled
2026-07-27T07:11:34.384Z,market,ERG,0,1742.1615343278193,1741.2431071090473,-0.9184272187719671,0,0,0,0,0,,reconciled
2026-07-27T07:11:34.384Z,market,ETH,0,2863.730862146,2863.7205306710007,-0.010331474999475176,0,0,0,0,0,,reconciled
2026-07-27T07:11:34.384Z,market,IAG,0,4202.432364236904,4200.6437308979675,-1.7886333389360516,0,0,0,0,0,,reconciled
2026-07-27T07:11:34.384Z,market,IUSD,0,107562.6784680553,107562.6784680553,0,0,0,0,0,0,,reconciled
2026-07-27T07:11:34.384Z,market,MIN,0,15848.751410905073,15848.283566840346,-0.46784406472761475,0,0,0,0,0,,reconciled
2026-07-27T07:11:34.384Z,market,NIGHT,0,23701.4384303817,23683.76338112572,-17.67504925598041,0,0,0,0,0,,reconciled
2026-07-27T07:11:34.384Z,market,SHEN,0,1956.476029776682,1955.080580169754,-1.3954496069279685,0,0,0,0,0,,reconciled
2026-07-27T07:11:34.384Z,market,SNEK,0,15933.2390504,15933.2390504,0,0,0,0,0,0,,reconciled
2026-07-27T07:11:34.384Z,market,USDA,0,628091.0518670001,628090.534206,-0.5176610000198707,0,0,0,0,0,,reconciled
2026-07-27T07:11:34.384Z,market,USDC,0,307518.60577338,307497.94021109,-20.665562289999798,0,0,0,0,0,,reconciled
2026-07-27T07:11:34.384Z,market,USDCx,0,710976.2956729998,710954.4642209999,-21.83145199995488,0,0,0,0,0,,reconciled
2026-07-27T07:11:34.384Z,market,USDCx-USDM-SUNDAE-LP-STABLESWAP,0,99386.13269722149,99342.47279323942,-43.65990398207214,0,0,0,0,0,,reconciled
2026-07-27T07:11:34.384Z,market,USDM,0,154028.68665199995,154028.26994299996,-0.4167089999828022,0,0,0,0,0,,reconciled
2026-07-27T07:11:34.384Z,market,USDT,0,425293.48655336996,425287.09081534995,-6.395738020015415,0,0,0,0,0,,reconciled
2026-07-27T07:11:34.384Z,market,WMT,0,0,0,0,0,0,0,0,0,,reconciled
2026-07-27T07:11:34.384Z,protocol,,0,3516812.8266771804,3516111.26473304,-701.561944140587,0,0,0,0,0,,reconciled
