timestamp,scope,marketId,activeDebtLoanCount,distinctActiveDebtObservedKeyCount
2026-07-16T15:49:00.420Z,market,Ada,81,0
2026-07-16T15:49:00.420Z,market,BTC,13,0
2026-07-16T15:49:00.420Z,market,DAI,1,0
2026-07-16T15:49:00.420Z,market,DJED,87,0
2026-07-16T15:49:00.420Z,market,ERG,4,0
2026-07-16T15:49:00.420Z,market,ETH,7,0
2026-07-16T15:49:00.420Z,market,IAG,6,0
2026-07-16T15:49:00.420Z,market,IUSD,48,0
2026-07-16T15:49:00.420Z,market,MIN,37,0
2026-07-16T15:49:00.420Z,market,NIGHT,11,0
2026-07-16T15:49:00.420Z,market,SHEN,9,0
2026-07-16T15:49:00.420Z,market,SNEK,11,0
2026-07-16T15:49:00.420Z,market,USDA,57,0
2026-07-16T15:49:00.420Z,market,USDC,17,0
2026-07-16T15:49:00.420Z,market,USDCx,91,0
2026-07-16T15:49:00.420Z,market,USDCx-USDM-SUNDAE-LP-STABLESWAP,11,0
2026-07-16T15:49:00.420Z,market,USDM,44,0
2026-07-16T15:49:00.420Z,market,USDT,19,0
2026-07-16T15:49:00.420Z,protocol,,554,0
2026-07-16T18:02:47.025Z,market,Ada,81,58
2026-07-16T18:02:47.025Z,market,BTC,13,10
2026-07-16T18:02:47.025Z,market,DAI,1,1
2026-07-16T18:02:47.025Z,market,DJED,87,77
2026-07-16T18:02:47.025Z,market,ERG,4,4
2026-07-16T18:02:47.025Z,market,ETH,7,7
2026-07-16T18:02:47.025Z,market,IAG,6,6
2026-07-16T18:02:47.025Z,market,IUSD,48,43
2026-07-16T18:02:47.025Z,market,MIN,37,33
2026-07-16T18:02:47.025Z,market,NIGHT,11,10
2026-07-16T18:02:47.025Z,market,SHEN,9,8
2026-07-16T18:02:47.025Z,market,SNEK,11,11
2026-07-16T18:02:47.025Z,market,USDA,57,44
2026-07-16T18:02:47.025Z,market,USDC,17,16
2026-07-16T18:02:47.025Z,market,USDCx,91,72
2026-07-16T18:02:47.025Z,market,USDCx-USDM-SUNDAE-LP-STABLESWAP,11,11
2026-07-16T18:02:47.025Z,market,USDM,44,36
2026-07-16T18:02:47.025Z,market,USDT,19,13
2026-07-16T18:02:47.025Z,protocol,,554,410
2026-07-16T18:44:35.371Z,market,Ada,81,58
2026-07-16T18:44:35.371Z,market,BTC,13,10
2026-07-16T18:44:35.371Z,market,DAI,1,1
2026-07-16T18:44:35.371Z,market,DJED,87,77
2026-07-16T18:44:35.371Z,market,ERG,4,4
2026-07-16T18:44:35.371Z,market,ETH,7,7
2026-07-16T18:44:35.371Z,market,IAG,6,6
2026-07-16T18:44:35.371Z,market,IUSD,48,43
2026-07-16T18:44:35.371Z,market,MIN,37,33
2026-07-16T18:44:35.371Z,market,NIGHT,11,10
2026-07-16T18:44:35.371Z,market,SHEN,9,8
2026-07-16T18:44:35.371Z,market,SNEK,11,11
2026-07-16T18:44:35.371Z,market,USDA,57,44
2026-07-16T18:44:35.371Z,market,USDC,17,16
2026-07-16T18:44:35.371Z,market,USDCx,91,72
2026-07-16T18:44:35.371Z,market,USDCx-USDM-SUNDAE-LP-STABLESWAP,11,11
2026-07-16T18:44:35.371Z,market,USDM,44,36
2026-07-16T18:44:35.371Z,market,USDT,19,13
2026-07-16T18:44:35.371Z,protocol,,554,410
2026-07-17T14:40:49.241Z,market,Ada,81,58
2026-07-17T14:40:49.241Z,market,BTC,13,10
2026-07-17T14:40:49.241Z,market,DAI,1,1
2026-07-17T14:40:49.241Z,market,DJED,87,77
2026-07-17T14:40:49.241Z,market,ERG,4,4
2026-07-17T14:40:49.241Z,market,ETH,7,7
2026-07-17T14:40:49.241Z,market,IAG,6,6
2026-07-17T14:40:49.241Z,market,IUSD,48,43
2026-07-17T14:40:49.241Z,market,MIN,38,34
2026-07-17T14:40:49.241Z,market,NIGHT,11,10
2026-07-17T14:40:49.241Z,market,SHEN,9,8
2026-07-17T14:40:49.241Z,market,SNEK,11,11
2026-07-17T14:40:49.241Z,market,USDA,57,44
2026-07-17T14:40:49.241Z,market,USDC,17,16
2026-07-17T14:40:49.241Z,market,USDCx,92,73
2026-07-17T14:40:49.241Z,market,USDCx-USDM-SUNDAE-LP-STABLESWAP,11,11
2026-07-17T14:40:49.241Z,market,USDM,44,36
2026-07-17T14:40:49.241Z,market,USDT,19,13
2026-07-17T14:40:49.241Z,protocol,,556,412
2026-07-17T16:11:28.090Z,market,Ada,81,58
2026-07-17T16:11:28.090Z,market,BTC,13,10
2026-07-17T16:11:28.090Z,market,DAI,1,1
2026-07-17T16:11:28.090Z,market,DJED,87,77
2026-07-17T16:11:28.090Z,market,ERG,4,4
2026-07-17T16:11:28.090Z,market,ETH,7,7
2026-07-17T16:11:28.090Z,market,IAG,6,6
2026-07-17T16:11:28.090Z,market,IUSD,48,43
2026-07-17T16:11:28.090Z,market,MIN,38,34
2026-07-17T16:11:28.090Z,market,NIGHT,11,10
2026-07-17T16:11:28.090Z,market,SHEN,9,8
2026-07-17T16:11:28.090Z,market,SNEK,11,11
2026-07-17T16:11:28.090Z,market,USDA,57,44
2026-07-17T16:11:28.090Z,market,USDC,17,16
2026-07-17T16:11:28.090Z,market,USDCx,92,73
2026-07-17T16:11:28.090Z,market,USDCx-USDM-SUNDAE-LP-STABLESWAP,12,12
2026-07-17T16:11:28.090Z,market,USDM,44,36
2026-07-17T16:11:28.090Z,market,USDT,19,13
2026-07-17T16:11:28.090Z,protocol,,557,413
2026-07-17T16:19:39.734Z,market,Ada,81,58
2026-07-17T16:19:39.734Z,market,BTC,13,10
2026-07-17T16:19:39.734Z,market,DAI,1,1
2026-07-17T16:19:39.734Z,market,DJED,87,77
2026-07-17T16:19:39.734Z,market,ERG,4,4
2026-07-17T16:19:39.734Z,market,ETH,7,7
2026-07-17T16:19:39.734Z,market,IAG,6,6
2026-07-17T16:19:39.734Z,market,IUSD,48,43
2026-07-17T16:19:39.734Z,market,MIN,38,34
2026-07-17T16:19:39.734Z,market,NIGHT,11,10
2026-07-17T16:19:39.734Z,market,SHEN,9,8
2026-07-17T16:19:39.734Z,market,SNEK,11,11
2026-07-17T16:19:39.734Z,market,USDA,57,44
2026-07-17T16:19:39.734Z,market,USDC,17,16
2026-07-17T16:19:39.734Z,market,USDCx,92,73
2026-07-17T16:19:39.734Z,market,USDCx-USDM-SUNDAE-LP-STABLESWAP,12,12
2026-07-17T16:19:39.734Z,market,USDM,44,36
2026-07-17T16:19:39.734Z,market,USDT,19,13
2026-07-17T16:19:39.734Z,protocol,,557,413
2026-07-17T18:06:26.398Z,market,Ada,81,58
2026-07-17T18:06:26.398Z,market,BTC,13,10
2026-07-17T18:06:26.398Z,market,DAI,1,1
2026-07-17T18:06:26.398Z,market,DJED,87,77
2026-07-17T18:06:26.398Z,market,ERG,4,4
2026-07-17T18:06:26.398Z,market,ETH,7,7
2026-07-17T18:06:26.398Z,market,IAG,6,6
2026-07-17T18:06:26.398Z,market,IUSD,48,43
2026-07-17T18:06:26.398Z,market,MIN,38,34
2026-07-17T18:06:26.398Z,market,NIGHT,11,10
2026-07-17T18:06:26.398Z,market,SHEN,9,8
2026-07-17T18:06:26.398Z,market,SNEK,11,11
2026-07-17T18:06:26.398Z,market,USDA,57,44
2026-07-17T18:06:26.398Z,market,USDC,17,16
2026-07-17T18:06:26.398Z,market,USDCx,91,72
2026-07-17T18:06:26.398Z,market,USDCx-USDM-SUNDAE-LP-STABLESWAP,12,12
2026-07-17T18:06:26.398Z,market,USDM,44,36
2026-07-17T18:06:26.398Z,market,USDT,19,13
2026-07-17T18:06:26.398Z,protocol,,556,412
2026-07-18T08:46:41.233Z,market,Ada,82,59
2026-07-18T08:46:41.233Z,market,BTC,15,12
2026-07-18T08:46:41.233Z,market,COPI,2,2
2026-07-18T08:46:41.233Z,market,DAI,2,2
2026-07-18T08:46:41.233Z,market,DJED,90,80
2026-07-18T08:46:41.233Z,market,ERG,4,4
2026-07-18T08:46:41.233Z,market,ETH,7,7
2026-07-18T08:46:41.233Z,market,IAG,7,7
2026-07-18T08:46:41.233Z,market,IUSD,54,45
2026-07-18T08:46:41.233Z,market,MIN,38,34
2026-07-18T08:46:41.233Z,market,NIGHT,12,11
2026-07-18T08:46:41.233Z,market,SHEN,10,9
2026-07-18T08:46:41.233Z,market,SNEK,12,12
2026-07-18T08:46:41.233Z,market,USDA,57,44
2026-07-18T08:46:41.233Z,market,USDC,24,22
2026-07-18T08:46:41.233Z,market,USDCx,92,73
2026-07-18T08:46:41.233Z,market,USDCx-USDM-SUNDAE-LP-STABLESWAP,12,12
2026-07-18T08:46:41.233Z,market,USDM,44,36
2026-07-18T08:46:41.233Z,market,USDT,20,14
2026-07-18T08:46:41.233Z,market,WMT,0,0
2026-07-18T08:46:41.233Z,protocol,,584,431
2026-07-18T14:14:57.487Z,market,Ada,82,59
2026-07-18T14:14:57.487Z,market,BTC,15,12
2026-07-18T14:14:57.487Z,market,COPI,2,2
2026-07-18T14:14:57.487Z,market,DAI,2,2
2026-07-18T14:14:57.487Z,market,DJED,90,80
2026-07-18T14:14:57.487Z,market,ERG,4,4
2026-07-18T14:14:57.487Z,market,ETH,7,7
2026-07-18T14:14:57.487Z,market,IAG,7,7
2026-07-18T14:14:57.487Z,market,IUSD,54,45
2026-07-18T14:14:57.487Z,market,MIN,38,34
2026-07-18T14:14:57.487Z,market,NIGHT,12,11
2026-07-18T14:14:57.487Z,market,SHEN,10,9
2026-07-18T14:14:57.487Z,market,SNEK,12,12
2026-07-18T14:14:57.487Z,market,USDA,57,44
2026-07-18T14:14:57.487Z,market,USDC,24,22
2026-07-18T14:14:57.487Z,market,USDCx,93,74
2026-07-18T14:14:57.487Z,market,USDCx-USDM-SUNDAE-LP-STABLESWAP,15,14
2026-07-18T14:14:57.487Z,market,USDM,44,36
2026-07-18T14:14:57.487Z,market,USDT,20,14
2026-07-18T14:14:57.487Z,market,WMT,0,0
2026-07-18T14:14:57.487Z,protocol,,588,433
2026-07-18T15:55:57.165Z,market,Ada,82,59
2026-07-18T15:55:57.165Z,market,BTC,15,12
2026-07-18T15:55:57.165Z,market,COPI,2,2
2026-07-18T15:55:57.165Z,market,DAI,2,2
2026-07-18T15:55:57.165Z,market,DJED,90,80
2026-07-18T15:55:57.165Z,market,ERG,4,4
2026-07-18T15:55:57.165Z,market,ETH,7,7
2026-07-18T15:55:57.165Z,market,IAG,7,7
2026-07-18T15:55:57.165Z,market,IUSD,54,45
2026-07-18T15:55:57.165Z,market,MIN,38,34
2026-07-18T15:55:57.165Z,market,NIGHT,12,11
2026-07-18T15:55:57.165Z,market,SHEN,10,9
2026-07-18T15:55:57.165Z,market,SNEK,12,12
2026-07-18T15:55:57.165Z,market,USDA,57,44
2026-07-18T15:55:57.165Z,market,USDC,24,22
2026-07-18T15:55:57.165Z,market,USDCx,93,74
2026-07-18T15:55:57.165Z,market,USDCx-USDM-SUNDAE-LP-STABLESWAP,15,14
2026-07-18T15:55:57.165Z,market,USDM,44,36
2026-07-18T15:55:57.165Z,market,USDT,20,14
2026-07-18T15:55:57.165Z,market,WMT,0,0
2026-07-18T15:55:57.165Z,protocol,,588,433
2026-07-18T17:27:38.183Z,market,Ada,82,59
2026-07-18T17:27:38.183Z,market,BTC,15,12
2026-07-18T17:27:38.183Z,market,COPI,2,2
2026-07-18T17:27:38.183Z,market,DAI,2,2
2026-07-18T17:27:38.183Z,market,DJED,90,80
2026-07-18T17:27:38.183Z,market,ERG,4,4
2026-07-18T17:27:38.183Z,market,ETH,7,7
2026-07-18T17:27:38.183Z,market,IAG,7,7
2026-07-18T17:27:38.183Z,market,IUSD,54,45
2026-07-18T17:27:38.183Z,market,MIN,38,34
2026-07-18T17:27:38.183Z,market,NIGHT,12,11
2026-07-18T17:27:38.183Z,market,SHEN,10,9
2026-07-18T17:27:38.183Z,market,SNEK,12,12
2026-07-18T17:27:38.183Z,market,USDA,57,44
2026-07-18T17:27:38.183Z,market,USDC,24,22
2026-07-18T17:27:38.183Z,market,USDCx,91,72
2026-07-18T17:27:38.183Z,market,USDCx-USDM-SUNDAE-LP-STABLESWAP,18,14
2026-07-18T17:27:38.183Z,market,USDM,44,36
2026-07-18T17:27:38.183Z,market,USDT,20,14
2026-07-18T17:27:38.183Z,market,WMT,0,0
2026-07-18T17:27:38.183Z,protocol,,589,432
2026-07-20T10:22:16.298Z,market,Ada,83,60
2026-07-20T10:22:16.298Z,market,BTC,15,12
2026-07-20T10:22:16.298Z,market,COPI,2,2
2026-07-20T10:22:16.298Z,market,DAI,2,2
2026-07-20T10:22:16.298Z,market,DJED,90,80
2026-07-20T10:22:16.298Z,market,ERG,4,4
2026-07-20T10:22:16.298Z,market,ETH,6,6
2026-07-20T10:22:16.298Z,market,IAG,7,7
2026-07-20T10:22:16.298Z,market,IUSD,57,47
2026-07-20T10:22:16.298Z,market,MIN,38,34
2026-07-20T10:22:16.298Z,market,NIGHT,13,12
2026-07-20T10:22:16.298Z,market,SHEN,10,9
2026-07-20T10:22:16.298Z,market,SNEK,12,12
2026-07-20T10:22:16.298Z,market,USDA,56,43
2026-07-20T10:22:16.298Z,market,USDC,24,22
2026-07-20T10:22:16.298Z,market,USDCx,96,73
2026-07-20T10:22:16.298Z,market,USDCx-USDM-SUNDAE-LP-STABLESWAP,19,14
2026-07-20T10:22:16.298Z,market,USDM,44,36
2026-07-20T10:22:16.298Z,market,USDT,20,14
2026-07-20T10:22:16.298Z,market,WMT,0,0
2026-07-20T10:22:16.298Z,protocol,,598,436
2026-07-20T21:55:52.759Z,market,Ada,87,61
2026-07-20T21:55:52.759Z,market,BTC,15,12
2026-07-20T21:55:52.759Z,market,COPI,2,2
2026-07-20T21:55:52.759Z,market,DAI,2,2
2026-07-20T21:55:52.759Z,market,DJED,91,81
2026-07-20T21:55:52.759Z,market,ERG,4,4
2026-07-20T21:55:52.759Z,market,ETH,6,6
2026-07-20T21:55:52.759Z,market,IAG,7,7
2026-07-20T21:55:52.759Z,market,IUSD,57,46
2026-07-20T21:55:52.759Z,market,MIN,38,34
2026-07-20T21:55:52.759Z,market,NIGHT,13,12
2026-07-20T21:55:52.759Z,market,SHEN,9,8
2026-07-20T21:55:52.759Z,market,SNEK,12,12
2026-07-20T21:55:52.759Z,market,USDA,56,43
2026-07-20T21:55:52.759Z,market,USDC,32,23
2026-07-20T21:55:52.759Z,market,USDCx,99,76
2026-07-20T21:55:52.759Z,market,USDCx-USDM-SUNDAE-LP-STABLESWAP,19,14
2026-07-20T21:55:52.759Z,market,USDM,45,37
2026-07-20T21:55:52.759Z,market,USDT,24,15
2026-07-20T21:55:52.759Z,market,WMT,0,0
2026-07-20T21:55:52.759Z,protocol,,618,437
2026-07-20T22:22:27.595Z,market,Ada,87,61
2026-07-20T22:22:27.595Z,market,BTC,15,12
2026-07-20T22:22:27.595Z,market,COPI,2,2
2026-07-20T22:22:27.595Z,market,DAI,2,2
2026-07-20T22:22:27.595Z,market,DJED,90,80
2026-07-20T22:22:27.595Z,market,ERG,4,4
2026-07-20T22:22:27.595Z,market,ETH,6,6
2026-07-20T22:22:27.595Z,market,IAG,7,7
2026-07-20T22:22:27.595Z,market,IUSD,57,46
2026-07-20T22:22:27.595Z,market,MIN,38,34
2026-07-20T22:22:27.595Z,market,NIGHT,13,12
2026-07-20T22:22:27.595Z,market,SHEN,9,8
2026-07-20T22:22:27.595Z,market,SNEK,12,12
2026-07-20T22:22:27.595Z,market,USDA,56,43
2026-07-20T22:22:27.595Z,market,USDC,32,23
2026-07-20T22:22:27.595Z,market,USDCx,99,76
2026-07-20T22:22:27.595Z,market,USDCx-USDM-SUNDAE-LP-STABLESWAP,19,14
2026-07-20T22:22:27.595Z,market,USDM,45,37
2026-07-20T22:22:27.595Z,market,USDT,24,15
2026-07-20T22:22:27.595Z,market,WMT,0,0
2026-07-20T22:22:27.595Z,protocol,,617,437
2026-07-20T22:32:10.980Z,market,Ada,87,61
2026-07-20T22:32:10.980Z,market,BTC,15,12
2026-07-20T22:32:10.980Z,market,COPI,2,2
2026-07-20T22:32:10.980Z,market,DAI,2,2
2026-07-20T22:32:10.980Z,market,DJED,90,80
2026-07-20T22:32:10.980Z,market,ERG,4,4
2026-07-20T22:32:10.980Z,market,ETH,6,6
2026-07-20T22:32:10.980Z,market,IAG,7,7
2026-07-20T22:32:10.980Z,market,IUSD,58,47
2026-07-20T22:32:10.980Z,market,MIN,38,34
2026-07-20T22:32:10.980Z,market,NIGHT,13,12
2026-07-20T22:32:10.980Z,market,SHEN,9,8
2026-07-20T22:32:10.980Z,market,SNEK,12,12
2026-07-20T22:32:10.980Z,market,USDA,56,43
2026-07-20T22:32:10.980Z,market,USDC,32,23
2026-07-20T22:32:10.980Z,market,USDCx,98,75
2026-07-20T22:32:10.980Z,market,USDCx-USDM-SUNDAE-LP-STABLESWAP,19,14
2026-07-20T22:32:10.980Z,market,USDM,45,37
2026-07-20T22:32:10.980Z,market,USDT,24,15
2026-07-20T22:32:10.980Z,market,WMT,0,0
2026-07-20T22:32:10.980Z,protocol,,617,437
2026-07-20T22:46:05.020Z,market,Ada,86,60
2026-07-20T22:46:05.020Z,market,BTC,15,12
2026-07-20T22:46:05.020Z,market,COPI,2,2
2026-07-20T22:46:05.020Z,market,DAI,2,2
2026-07-20T22:46:05.020Z,market,DJED,90,80
2026-07-20T22:46:05.020Z,market,ERG,4,4
2026-07-20T22:46:05.020Z,market,ETH,6,6
2026-07-20T22:46:05.020Z,market,IAG,7,7
2026-07-20T22:46:05.020Z,market,IUSD,56,47
2026-07-20T22:46:05.020Z,market,MIN,38,34
2026-07-20T22:46:05.020Z,market,NIGHT,13,12
2026-07-20T22:46:05.020Z,market,SHEN,9,8
2026-07-20T22:46:05.020Z,market,SNEK,12,12
2026-07-20T22:46:05.020Z,market,USDA,56,43
2026-07-20T22:46:05.020Z,market,USDC,32,23
2026-07-20T22:46:05.020Z,market,USDCx,98,75
2026-07-20T22:46:05.020Z,market,USDCx-USDM-SUNDAE-LP-STABLESWAP,19,14
2026-07-20T22:46:05.020Z,market,USDM,45,37
2026-07-20T22:46:05.020Z,market,USDT,24,15
2026-07-20T22:46:05.020Z,market,WMT,0,0
2026-07-20T22:46:05.020Z,protocol,,614,437
2026-07-20T23:07:45.156Z,market,Ada,86,60
2026-07-20T23:07:45.156Z,market,BTC,15,12
2026-07-20T23:07:45.156Z,market,COPI,2,2
2026-07-20T23:07:45.156Z,market,DAI,2,2
2026-07-20T23:07:45.156Z,market,DJED,91,81
2026-07-20T23:07:45.156Z,market,ERG,4,4
2026-07-20T23:07:45.156Z,market,ETH,6,6
2026-07-20T23:07:45.156Z,market,IAG,7,7
2026-07-20T23:07:45.156Z,market,IUSD,54,45
2026-07-20T23:07:45.156Z,market,MIN,38,34
2026-07-20T23:07:45.156Z,market,NIGHT,13,12
2026-07-20T23:07:45.156Z,market,SHEN,9,8
2026-07-20T23:07:45.156Z,market,SNEK,12,12
2026-07-20T23:07:45.156Z,market,USDA,56,43
2026-07-20T23:07:45.156Z,market,USDC,33,24
2026-07-20T23:07:45.156Z,market,USDCx,98,75
2026-07-20T23:07:45.156Z,market,USDCx-USDM-SUNDAE-LP-STABLESWAP,19,14
2026-07-20T23:07:45.156Z,market,USDM,45,37
2026-07-20T23:07:45.156Z,market,USDT,24,15
2026-07-20T23:07:45.156Z,market,WMT,0,0
2026-07-20T23:07:45.156Z,protocol,,614,437
2026-07-21T06:02:33.195Z,market,Ada,86,60
2026-07-21T06:02:33.195Z,market,BTC,15,12
2026-07-21T06:02:33.195Z,market,COPI,2,2
2026-07-21T06:02:33.195Z,market,DAI,2,2
2026-07-21T06:02:33.195Z,market,DJED,90,80
2026-07-21T06:02:33.195Z,market,ERG,4,4
2026-07-21T06:02:33.195Z,market,ETH,6,6
2026-07-21T06:02:33.195Z,market,IAG,7,7
2026-07-21T06:02:33.195Z,market,IUSD,54,45
2026-07-21T06:02:33.195Z,market,MIN,38,34
2026-07-21T06:02:33.195Z,market,NIGHT,13,12
2026-07-21T06:02:33.195Z,market,SHEN,9,8
2026-07-21T06:02:33.195Z,market,SNEK,12,12
2026-07-21T06:02:33.195Z,market,USDA,56,43
2026-07-21T06:02:33.195Z,market,USDC,34,25
2026-07-21T06:02:33.195Z,market,USDCx,99,75
2026-07-21T06:02:33.195Z,market,USDCx-USDM-SUNDAE-LP-STABLESWAP,19,14
2026-07-21T06:02:33.195Z,market,USDM,45,37
2026-07-21T06:02:33.195Z,market,USDT,24,15
2026-07-21T06:02:33.195Z,market,WMT,0,0
2026-07-21T06:02:33.195Z,protocol,,615,439
2026-07-21T09:06:11.893Z,market,Ada,85,60
2026-07-21T09:06:11.893Z,market,BTC,15,12
2026-07-21T09:06:11.893Z,market,COPI,2,2
2026-07-21T09:06:11.893Z,market,DAI,2,2
2026-07-21T09:06:11.893Z,market,DJED,90,80
2026-07-21T09:06:11.893Z,market,ERG,4,4
2026-07-21T09:06:11.893Z,market,ETH,6,6
2026-07-21T09:06:11.893Z,market,IAG,7,7
2026-07-21T09:06:11.893Z,market,IUSD,54,45
2026-07-21T09:06:11.893Z,market,MIN,38,34
2026-07-21T09:06:11.893Z,market,NIGHT,13,12
2026-07-21T09:06:11.893Z,market,SHEN,9,8
2026-07-21T09:06:11.893Z,market,SNEK,12,12
2026-07-21T09:06:11.893Z,market,USDA,56,43
2026-07-21T09:06:11.893Z,market,USDC,34,25
2026-07-21T09:06:11.893Z,market,USDCx,98,74
2026-07-21T09:06:11.893Z,market,USDCx-USDM-SUNDAE-LP-STABLESWAP,18,13
2026-07-21T09:06:11.893Z,market,USDM,45,37
2026-07-21T09:06:11.893Z,market,USDT,24,15
2026-07-21T09:06:11.893Z,market,WMT,0,0
2026-07-21T09:06:11.893Z,protocol,,612,437
2026-07-21T10:38:43.382Z,market,Ada,85,60
2026-07-21T10:38:43.382Z,market,BTC,15,12
2026-07-21T10:38:43.382Z,market,COPI,2,2
2026-07-21T10:38:43.382Z,market,DAI,2,2
2026-07-21T10:38:43.382Z,market,DJED,90,80
2026-07-21T10:38:43.382Z,market,ERG,4,4
2026-07-21T10:38:43.382Z,market,ETH,6,6
2026-07-21T10:38:43.382Z,market,IAG,7,7
2026-07-21T10:38:43.382Z,market,IUSD,54,45
2026-07-21T10:38:43.382Z,market,MIN,38,34
2026-07-21T10:38:43.382Z,market,NIGHT,13,12
2026-07-21T10:38:43.382Z,market,SHEN,9,8
2026-07-21T10:38:43.382Z,market,SNEK,12,12
2026-07-21T10:38:43.382Z,market,USDA,56,43
2026-07-21T10:38:43.382Z,market,USDC,34,25
2026-07-21T10:38:43.382Z,market,USDCx,98,74
2026-07-21T10:38:43.382Z,market,USDCx-USDM-SUNDAE-LP-STABLESWAP,18,13
2026-07-21T10:38:43.382Z,market,USDM,45,37
2026-07-21T10:38:43.382Z,market,USDT,24,15
2026-07-21T10:38:43.382Z,market,WMT,0,0
2026-07-21T10:38:43.382Z,protocol,,612,437
2026-07-21T12:40:42.531Z,market,Ada,85,60
2026-07-21T12:40:42.531Z,market,BTC,15,12
2026-07-21T12:40:42.531Z,market,COPI,2,2
2026-07-21T12:40:42.531Z,market,DAI,2,2
2026-07-21T12:40:42.531Z,market,DJED,90,80
2026-07-21T12:40:42.531Z,market,ERG,4,4
2026-07-21T12:40:42.531Z,market,ETH,6,6
2026-07-21T12:40:42.531Z,market,IAG,7,7
2026-07-21T12:40:42.531Z,market,IUSD,54,45
2026-07-21T12:40:42.531Z,market,MIN,36,32
2026-07-21T12:40:42.531Z,market,NIGHT,13,12
2026-07-21T12:40:42.531Z,market,SHEN,9,8
2026-07-21T12:40:42.531Z,market,SNEK,12,12
2026-07-21T12:40:42.531Z,market,USDA,56,43
2026-07-21T12:40:42.531Z,market,USDC,37,26
2026-07-21T12:40:42.531Z,market,USDCx,98,74
2026-07-21T12:40:42.531Z,market,USDCx-USDM-SUNDAE-LP-STABLESWAP,17,12
2026-07-21T12:40:42.531Z,market,USDM,45,37
2026-07-21T12:40:42.531Z,market,USDT,24,15
2026-07-21T12:40:42.531Z,market,WMT,0,0
2026-07-21T12:40:42.531Z,protocol,,612,436
2026-07-21T14:28:50.858Z,market,Ada,85,60
2026-07-21T14:28:50.858Z,market,BTC,15,12
2026-07-21T14:28:50.858Z,market,COPI,2,2
2026-07-21T14:28:50.858Z,market,DAI,2,2
2026-07-21T14:28:50.858Z,market,DJED,90,80
2026-07-21T14:28:50.858Z,market,ERG,4,4
2026-07-21T14:28:50.858Z,market,ETH,6,6
2026-07-21T14:28:50.858Z,market,IAG,7,7
2026-07-21T14:28:50.858Z,market,IUSD,54,45
2026-07-21T14:28:50.858Z,market,MIN,36,32
2026-07-21T14:28:50.858Z,market,NIGHT,13,12
2026-07-21T14:28:50.858Z,market,SHEN,9,8
2026-07-21T14:28:50.858Z,market,SNEK,12,12
2026-07-21T14:28:50.858Z,market,USDA,56,43
2026-07-21T14:28:50.858Z,market,USDC,37,26
2026-07-21T14:28:50.858Z,market,USDCx,99,75
2026-07-21T14:28:50.858Z,market,USDCx-USDM-SUNDAE-LP-STABLESWAP,17,12
2026-07-21T14:28:50.858Z,market,USDM,45,37
2026-07-21T14:28:50.858Z,market,USDT,24,15
2026-07-21T14:28:50.858Z,market,WMT,0,0
2026-07-21T14:28:50.858Z,protocol,,613,437
2026-07-21T15:57:18.705Z,market,Ada,85,60
2026-07-21T15:57:18.705Z,market,BTC,15,12
2026-07-21T15:57:18.705Z,market,COPI,2,2
2026-07-21T15:57:18.705Z,market,DAI,2,2
2026-07-21T15:57:18.705Z,market,DJED,90,80
2026-07-21T15:57:18.705Z,market,ERG,4,4
2026-07-21T15:57:18.705Z,market,ETH,6,6
2026-07-21T15:57:18.705Z,market,IAG,7,7
2026-07-21T15:57:18.705Z,market,IUSD,54,45
2026-07-21T15:57:18.705Z,market,MIN,36,32
2026-07-21T15:57:18.705Z,market,NIGHT,13,12
2026-07-21T15:57:18.705Z,market,SHEN,9,8
2026-07-21T15:57:18.705Z,market,SNEK,12,12
2026-07-21T15:57:18.705Z,market,USDA,56,43
2026-07-21T15:57:18.705Z,market,USDC,38,27
2026-07-21T15:57:18.705Z,market,USDCx,99,75
2026-07-21T15:57:18.705Z,market,USDCx-USDM-SUNDAE-LP-STABLESWAP,17,12
2026-07-21T15:57:18.705Z,market,USDM,45,37
2026-07-21T15:57:18.705Z,market,USDT,24,15
2026-07-21T15:57:18.705Z,market,WMT,0,0
2026-07-21T15:57:18.705Z,protocol,,614,437
2026-07-21T18:07:34.036Z,market,Ada,85,60
2026-07-21T18:07:34.036Z,market,BTC,15,12
2026-07-21T18:07:34.036Z,market,COPI,2,2
2026-07-21T18:07:34.036Z,market,DAI,2,2
2026-07-21T18:07:34.036Z,market,DJED,90,80
2026-07-21T18:07:34.036Z,market,ERG,4,4
2026-07-21T18:07:34.036Z,market,ETH,6,6
2026-07-21T18:07:34.036Z,market,IAG,7,7
2026-07-21T18:07:34.036Z,market,IUSD,54,45
2026-07-21T18:07:34.036Z,market,MIN,36,32
2026-07-21T18:07:34.036Z,market,NIGHT,13,12
2026-07-21T18:07:34.036Z,market,SHEN,9,8
2026-07-21T18:07:34.036Z,market,SNEK,12,12
2026-07-21T18:07:34.036Z,market,USDA,56,43
2026-07-21T18:07:34.036Z,market,USDC,38,27
2026-07-21T18:07:34.036Z,market,USDCx,99,75
2026-07-21T18:07:34.036Z,market,USDCx-USDM-SUNDAE-LP-STABLESWAP,17,12
2026-07-21T18:07:34.036Z,market,USDM,45,37
2026-07-21T18:07:34.036Z,market,USDT,24,15
2026-07-21T18:07:34.036Z,market,WMT,0,0
2026-07-21T18:07:34.036Z,protocol,,614,437
2026-07-22T07:12:29.208Z,market,Ada,85,60
2026-07-22T07:12:29.208Z,market,BTC,15,12
2026-07-22T07:12:29.208Z,market,COPI,2,2
2026-07-22T07:12:29.208Z,market,DAI,2,2
2026-07-22T07:12:29.208Z,market,DJED,90,80
2026-07-22T07:12:29.208Z,market,ERG,4,4
2026-07-22T07:12:29.208Z,market,ETH,6,6
2026-07-22T07:12:29.208Z,market,IAG,7,7
2026-07-22T07:12:29.208Z,market,IUSD,54,45
2026-07-22T07:12:29.208Z,market,MIN,36,32
2026-07-22T07:12:29.208Z,market,NIGHT,13,12
2026-07-22T07:12:29.208Z,market,SHEN,9,8
2026-07-22T07:12:29.208Z,market,SNEK,12,12
2026-07-22T07:12:29.208Z,market,USDA,56,43
2026-07-22T07:12:29.208Z,market,USDC,36,27
2026-07-22T07:12:29.208Z,market,USDCx,100,75
2026-07-22T07:12:29.208Z,market,USDCx-USDM-SUNDAE-LP-STABLESWAP,17,12
2026-07-22T07:12:29.208Z,market,USDM,45,37
2026-07-22T07:12:29.208Z,market,USDT,24,15
2026-07-22T07:12:29.208Z,market,WMT,0,0
2026-07-22T07:12:29.208Z,protocol,,613,437
2026-07-22T08:20:48.202Z,market,Ada,85,60
2026-07-22T08:20:48.202Z,market,BTC,15,12
2026-07-22T08:20:48.202Z,market,COPI,2,2
2026-07-22T08:20:48.202Z,market,DAI,2,2
2026-07-22T08:20:48.202Z,market,DJED,90,80
2026-07-22T08:20:48.202Z,market,ERG,4,4
2026-07-22T08:20:48.202Z,market,ETH,6,6
2026-07-22T08:20:48.202Z,market,IAG,7,7
2026-07-22T08:20:48.202Z,market,IUSD,54,45
2026-07-22T08:20:48.202Z,market,MIN,36,32
2026-07-22T08:20:48.202Z,market,NIGHT,13,12
2026-07-22T08:20:48.202Z,market,SHEN,9,8
2026-07-22T08:20:48.202Z,market,SNEK,12,12
2026-07-22T08:20:48.202Z,market,USDA,56,43
2026-07-22T08:20:48.202Z,market,USDC,35,26
2026-07-22T08:20:48.202Z,market,USDCx,100,75
2026-07-22T08:20:48.202Z,market,USDCx-USDM-SUNDAE-LP-STABLESWAP,17,12
2026-07-22T08:20:48.202Z,market,USDM,45,37
2026-07-22T08:20:48.202Z,market,USDT,24,15
2026-07-22T08:20:48.202Z,market,WMT,0,0
2026-07-22T08:20:48.202Z,protocol,,612,436
2026-07-22T13:01:36.443Z,market,Ada,85,60
2026-07-22T13:01:36.443Z,market,BTC,15,12
2026-07-22T13:01:36.443Z,market,COPI,2,2
2026-07-22T13:01:36.443Z,market,DAI,2,2
2026-07-22T13:01:36.443Z,market,DJED,90,80
2026-07-22T13:01:36.443Z,market,ERG,4,4
2026-07-22T13:01:36.443Z,market,ETH,6,6
2026-07-22T13:01:36.443Z,market,IAG,7,7
2026-07-22T13:01:36.443Z,market,IUSD,54,45
2026-07-22T13:01:36.443Z,market,MIN,36,32
2026-07-22T13:01:36.443Z,market,NIGHT,13,12
2026-07-22T13:01:36.443Z,market,SHEN,9,8
2026-07-22T13:01:36.443Z,market,SNEK,12,12
2026-07-22T13:01:36.443Z,market,USDA,56,43
2026-07-22T13:01:36.443Z,market,USDC,36,27
2026-07-22T13:01:36.443Z,market,USDCx,101,75
2026-07-22T13:01:36.443Z,market,USDCx-USDM-SUNDAE-LP-STABLESWAP,17,12
2026-07-22T13:01:36.443Z,market,USDM,45,37
2026-07-22T13:01:36.443Z,market,USDT,24,15
2026-07-22T13:01:36.443Z,market,WMT,0,0
2026-07-22T13:01:36.443Z,protocol,,614,437
2026-07-22T17:39:26.135Z,market,Ada,85,60
2026-07-22T17:39:26.135Z,market,BTC,15,12
2026-07-22T17:39:26.135Z,market,COPI,2,2
2026-07-22T17:39:26.135Z,market,DAI,2,2
2026-07-22T17:39:26.135Z,market,DJED,90,80
2026-07-22T17:39:26.135Z,market,ERG,4,4
2026-07-22T17:39:26.135Z,market,ETH,6,6
2026-07-22T17:39:26.135Z,market,IAG,7,7
2026-07-22T17:39:26.135Z,market,IUSD,54,45
2026-07-22T17:39:26.135Z,market,MIN,36,32
2026-07-22T17:39:26.135Z,market,NIGHT,13,12
2026-07-22T17:39:26.135Z,market,SHEN,9,8
2026-07-22T17:39:26.135Z,market,SNEK,12,12
2026-07-22T17:39:26.135Z,market,USDA,56,43
2026-07-22T17:39:26.135Z,market,USDC,37,28
2026-07-22T17:39:26.135Z,market,USDCx,101,75
2026-07-22T17:39:26.135Z,market,USDCx-USDM-SUNDAE-LP-STABLESWAP,17,12
2026-07-22T17:39:26.135Z,market,USDM,45,37
2026-07-22T17:39:26.135Z,market,USDT,24,15
2026-07-22T17:39:26.135Z,market,WMT,0,0
2026-07-22T17:39:26.135Z,protocol,,615,438
2026-07-23T07:59:34.734Z,market,Ada,84,59
2026-07-23T07:59:34.734Z,market,BTC,15,12
2026-07-23T07:59:34.734Z,market,COPI,2,2
2026-07-23T07:59:34.734Z,market,DAI,2,2
2026-07-23T07:59:34.734Z,market,DJED,90,80
2026-07-23T07:59:34.734Z,market,ERG,4,4
2026-07-23T07:59:34.734Z,market,ETH,6,6
2026-07-23T07:59:34.734Z,market,IAG,7,7
2026-07-23T07:59:34.734Z,market,IUSD,54,45
2026-07-23T07:59:34.734Z,market,MIN,36,32
2026-07-23T07:59:34.734Z,market,NIGHT,13,12
2026-07-23T07:59:34.734Z,market,SHEN,9,8
2026-07-23T07:59:34.734Z,market,SNEK,12,12
2026-07-23T07:59:34.734Z,market,USDA,56,43
2026-07-23T07:59:34.734Z,market,USDC,38,29
2026-07-23T07:59:34.734Z,market,USDCx,103,76
2026-07-23T07:59:34.734Z,market,USDCx-USDM-SUNDAE-LP-STABLESWAP,17,12
2026-07-23T07:59:34.734Z,market,USDM,45,37
2026-07-23T07:59:34.734Z,market,USDT,24,15
2026-07-23T07:59:34.734Z,market,WMT,0,0
2026-07-23T07:59:34.734Z,protocol,,617,438
2026-07-23T13:29:58.827Z,market,Ada,83,58
2026-07-23T13:29:58.827Z,market,BTC,13,10
2026-07-23T13:29:58.827Z,market,COPI,0,0
2026-07-23T13:29:58.827Z,market,DAI,1,1
2026-07-23T13:29:58.827Z,market,DJED,87,77
2026-07-23T13:29:58.827Z,market,ERG,4,4
2026-07-23T13:29:58.827Z,market,ETH,6,6
2026-07-23T13:29:58.827Z,market,IAG,6,6
2026-07-23T13:29:58.827Z,market,IUSD,48,43
2026-07-23T13:29:58.827Z,market,MIN,36,32
2026-07-23T13:29:58.827Z,market,NIGHT,12,11
2026-07-23T13:29:58.827Z,market,SHEN,8,7
2026-07-23T13:29:58.827Z,market,SNEK,11,11
2026-07-23T13:29:58.827Z,market,USDA,56,43
2026-07-23T13:29:58.827Z,market,USDC,33,25
2026-07-23T13:29:58.827Z,market,USDCx,103,76
2026-07-23T13:29:58.827Z,market,USDCx-USDM-SUNDAE-LP-STABLESWAP,17,12
2026-07-23T13:29:58.827Z,market,USDM,45,37
2026-07-23T13:29:58.827Z,market,USDT,26,16
2026-07-23T13:29:58.827Z,market,WMT,0,0
2026-07-23T13:29:58.827Z,protocol,,595,422
2026-07-23T15:39:37.325Z,market,Ada,83,58
2026-07-23T15:39:37.325Z,market,BTC,13,10
2026-07-23T15:39:37.325Z,market,COPI,0,0
2026-07-23T15:39:37.325Z,market,DAI,1,1
2026-07-23T15:39:37.325Z,market,DJED,87,77
2026-07-23T15:39:37.325Z,market,ERG,4,4
2026-07-23T15:39:37.325Z,market,ETH,6,6
2026-07-23T15:39:37.325Z,market,IAG,6,6
2026-07-23T15:39:37.325Z,market,IUSD,48,43
2026-07-23T15:39:37.325Z,market,MIN,36,32
2026-07-23T15:39:37.325Z,market,NIGHT,12,11
2026-07-23T15:39:37.325Z,market,SHEN,8,7
2026-07-23T15:39:37.325Z,market,SNEK,11,11
2026-07-23T15:39:37.325Z,market,USDA,56,43
2026-07-23T15:39:37.325Z,market,USDC,32,24
2026-07-23T15:39:37.325Z,market,USDCx,103,76
2026-07-23T15:39:37.325Z,market,USDCx-USDM-SUNDAE-LP-STABLESWAP,17,12
2026-07-23T15:39:37.325Z,market,USDM,45,37
2026-07-23T15:39:37.325Z,market,USDT,28,16
2026-07-23T15:39:37.325Z,market,WMT,0,0
2026-07-23T15:39:37.325Z,protocol,,596,421
2026-07-25T07:40:09.562Z,market,Ada,82,57
2026-07-25T07:40:09.562Z,market,BTC,13,10
2026-07-25T07:40:09.562Z,market,COPI,0,0
2026-07-25T07:40:09.562Z,market,DAI,1,1
2026-07-25T07:40:09.562Z,market,DJED,87,77
2026-07-25T07:40:09.562Z,market,ERG,4,4
2026-07-25T07:40:09.562Z,market,ETH,6,6
2026-07-25T07:40:09.562Z,market,IAG,6,6
2026-07-25T07:40:09.562Z,market,IUSD,48,43
2026-07-25T07:40:09.562Z,market,MIN,36,32
2026-07-25T07:40:09.562Z,market,NIGHT,14,12
2026-07-25T07:40:09.562Z,market,SHEN,8,7
2026-07-25T07:40:09.562Z,market,SNEK,11,11
2026-07-25T07:40:09.562Z,market,USDA,56,43
2026-07-25T07:40:09.562Z,market,USDC,32,24
2026-07-25T07:40:09.562Z,market,USDCx,103,76
2026-07-25T07:40:09.562Z,market,USDCx-USDM-SUNDAE-LP-STABLESWAP,17,12
2026-07-25T07:40:09.562Z,market,USDM,45,37
2026-07-25T07:40:09.562Z,market,USDT,28,16
2026-07-25T07:40:09.562Z,market,WMT,0,0
2026-07-25T07:40:09.562Z,protocol,,597,421
2026-07-25T09:34:25.956Z,market,Ada,82,57
2026-07-25T09:34:25.956Z,market,BTC,13,10
2026-07-25T09:34:25.956Z,market,COPI,0,0
2026-07-25T09:34:25.956Z,market,DAI,1,1
2026-07-25T09:34:25.956Z,market,DJED,87,77
2026-07-25T09:34:25.956Z,market,ERG,4,4
2026-07-25T09:34:25.956Z,market,ETH,6,6
2026-07-25T09:34:25.956Z,market,IAG,6,6
2026-07-25T09:34:25.956Z,market,IUSD,48,43
2026-07-25T09:34:25.956Z,market,MIN,36,32
2026-07-25T09:34:25.956Z,market,NIGHT,14,12
2026-07-25T09:34:25.956Z,market,SHEN,8,7
2026-07-25T09:34:25.956Z,market,SNEK,11,11
2026-07-25T09:34:25.956Z,market,USDA,56,43
2026-07-25T09:34:25.956Z,market,USDC,32,24
2026-07-25T09:34:25.956Z,market,USDCx,103,76
2026-07-25T09:34:25.956Z,market,USDCx-USDM-SUNDAE-LP-STABLESWAP,17,12
2026-07-25T09:34:25.956Z,market,USDM,45,37
2026-07-25T09:34:25.956Z,market,USDT,28,16
2026-07-25T09:34:25.956Z,market,WMT,0,0
2026-07-25T09:34:25.956Z,protocol,,597,421
2026-07-25T13:06:31.124Z,market,Ada,82,57
2026-07-25T13:06:31.124Z,market,BTC,13,10
2026-07-25T13:06:31.124Z,market,COPI,0,0
2026-07-25T13:06:31.124Z,market,DAI,1,1
2026-07-25T13:06:31.124Z,market,DJED,88,78
2026-07-25T13:06:31.124Z,market,ERG,4,4
2026-07-25T13:06:31.124Z,market,ETH,6,6
2026-07-25T13:06:31.124Z,market,IAG,6,6
2026-07-25T13:06:31.124Z,market,IUSD,48,43
2026-07-25T13:06:31.124Z,market,MIN,36,32
2026-07-25T13:06:31.124Z,market,NIGHT,14,12
2026-07-25T13:06:31.124Z,market,SHEN,8,7
2026-07-25T13:06:31.124Z,market,SNEK,11,11
2026-07-25T13:06:31.124Z,market,USDA,56,43
2026-07-25T13:06:31.124Z,market,USDC,32,24
2026-07-25T13:06:31.124Z,market,USDCx,103,76
2026-07-25T13:06:31.124Z,market,USDCx-USDM-SUNDAE-LP-STABLESWAP,17,12
2026-07-25T13:06:31.124Z,market,USDM,45,37
2026-07-25T13:06:31.124Z,market,USDT,28,16
2026-07-25T13:06:31.124Z,market,WMT,0,0
2026-07-25T13:06:31.124Z,protocol,,598,421
2026-07-26T05:30:39.012Z,market,Ada,82,57
2026-07-26T05:30:39.012Z,market,BTC,13,10
2026-07-26T05:30:39.012Z,market,COPI,0,0
2026-07-26T05:30:39.012Z,market,DAI,1,1
2026-07-26T05:30:39.012Z,market,DJED,88,78
2026-07-26T05:30:39.012Z,market,ERG,4,4
2026-07-26T05:30:39.012Z,market,ETH,6,6
2026-07-26T05:30:39.012Z,market,IAG,6,6
2026-07-26T05:30:39.012Z,market,IUSD,49,44
2026-07-26T05:30:39.012Z,market,MIN,36,32
2026-07-26T05:30:39.012Z,market,NIGHT,11,10
2026-07-26T05:30:39.012Z,market,SHEN,8,7
2026-07-26T05:30:39.012Z,market,SNEK,11,11
2026-07-26T05:30:39.012Z,market,USDA,56,43
2026-07-26T05:30:39.012Z,market,USDC,33,25
2026-07-26T05:30:39.012Z,market,USDCx,96,76
2026-07-26T05:30:39.012Z,market,USDCx-USDM-SUNDAE-LP-STABLESWAP,19,13
2026-07-26T05:30:39.012Z,market,USDM,45,37
2026-07-26T05:30:39.012Z,market,USDT,28,16
2026-07-26T05:30:39.012Z,market,WMT,0,0
2026-07-26T05:30:39.012Z,protocol,,592,422
2026-07-26T14:19:38.041Z,market,Ada,82,57
2026-07-26T14:19:38.041Z,market,BTC,13,10
2026-07-26T14:19:38.041Z,market,COPI,0,0
2026-07-26T14:19:38.041Z,market,DAI,1,1
2026-07-26T14:19:38.041Z,market,DJED,87,77
2026-07-26T14:19:38.041Z,market,ERG,4,4
2026-07-26T14:19:38.041Z,market,ETH,6,6
2026-07-26T14:19:38.041Z,market,IAG,6,6
2026-07-26T14:19:38.041Z,market,IUSD,48,43
2026-07-26T14:19:38.041Z,market,MIN,36,32
2026-07-26T14:19:38.041Z,market,NIGHT,11,10
2026-07-26T14:19:38.041Z,market,SHEN,8,7
2026-07-26T14:19:38.041Z,market,SNEK,11,11
2026-07-26T14:19:38.041Z,market,USDA,56,43
2026-07-26T14:19:38.041Z,market,USDC,33,25
2026-07-26T14:19:38.041Z,market,USDCx,96,76
2026-07-26T14:19:38.041Z,market,USDCx-USDM-SUNDAE-LP-STABLESWAP,19,13
2026-07-26T14:19:38.041Z,market,USDM,46,38
2026-07-26T14:19:38.041Z,market,USDT,28,16
2026-07-26T14:19:38.041Z,market,WMT,0,0
2026-07-26T14:19:38.041Z,protocol,,591,422
2026-07-27T07:11:34.384Z,market,Ada,82,57
2026-07-27T07:11:34.384Z,market,BTC,13,10
2026-07-27T07:11:34.384Z,market,COPI,0,0
2026-07-27T07:11:34.384Z,market,DAI,1,1
2026-07-27T07:11:34.384Z,market,DJED,87,77
2026-07-27T07:11:34.384Z,market,ERG,4,4
2026-07-27T07:11:34.384Z,market,ETH,6,6
2026-07-27T07:11:34.384Z,market,IAG,6,6
2026-07-27T07:11:34.384Z,market,IUSD,48,43
2026-07-27T07:11:34.384Z,market,MIN,36,32
2026-07-27T07:11:34.384Z,market,NIGHT,11,10
2026-07-27T07:11:34.384Z,market,SHEN,8,7
2026-07-27T07:11:34.384Z,market,SNEK,11,11
2026-07-27T07:11:34.384Z,market,USDA,56,43
2026-07-27T07:11:34.384Z,market,USDC,32,24
2026-07-27T07:11:34.384Z,market,USDCx,97,77
2026-07-27T07:11:34.384Z,market,USDCx-USDM-SUNDAE-LP-STABLESWAP,19,13
2026-07-27T07:11:34.384Z,market,USDM,46,38
2026-07-27T07:11:34.384Z,market,USDT,28,16
2026-07-27T07:11:34.384Z,market,WMT,0,0
2026-07-27T07:11:34.384Z,protocol,,591,423
2026-07-29T08:16:37.186Z,market,Ada,82,57
2026-07-29T08:16:37.186Z,market,BTC,13,10
2026-07-29T08:16:37.186Z,market,COPI,0,0
2026-07-29T08:16:37.186Z,market,DAI,1,1
2026-07-29T08:16:37.186Z,market,DJED,87,77
2026-07-29T08:16:37.186Z,market,ERG,4,4
2026-07-29T08:16:37.186Z,market,ETH,6,6
2026-07-29T08:16:37.186Z,market,IAG,6,6
2026-07-29T08:16:37.186Z,market,IUSD,47,42
2026-07-29T08:16:37.186Z,market,MIN,36,32
2026-07-29T08:16:37.186Z,market,NIGHT,11,10
2026-07-29T08:16:37.186Z,market,SHEN,8,7
2026-07-29T08:16:37.186Z,market,SNEK,11,11
2026-07-29T08:16:37.186Z,market,USDA,56,43
2026-07-29T08:16:37.186Z,market,USDC,33,23
2026-07-29T08:16:37.186Z,market,USDCx,98,78
2026-07-29T08:16:37.186Z,market,USDCx-USDM-SUNDAE-LP-STABLESWAP,19,13
2026-07-29T08:16:37.186Z,market,USDM,46,38
2026-07-29T08:16:37.186Z,market,USDT,28,16
2026-07-29T08:16:37.186Z,market,WMT,0,0
2026-07-29T08:16:37.186Z,protocol,,592,423
2026-07-29T08:41:08.840Z,market,Ada,82,57
2026-07-29T08:41:08.840Z,market,BTC,13,10
2026-07-29T08:41:08.840Z,market,COPI,0,0
2026-07-29T08:41:08.840Z,market,DAI,1,1
2026-07-29T08:41:08.840Z,market,DJED,87,77
2026-07-29T08:41:08.840Z,market,ERG,4,4
2026-07-29T08:41:08.840Z,market,ETH,6,6
2026-07-29T08:41:08.840Z,market,IAG,6,6
2026-07-29T08:41:08.840Z,market,IUSD,47,42
2026-07-29T08:41:08.840Z,market,MIN,36,32
2026-07-29T08:41:08.840Z,market,NIGHT,11,10
2026-07-29T08:41:08.840Z,market,SHEN,8,7
2026-07-29T08:41:08.840Z,market,SNEK,11,11
2026-07-29T08:41:08.840Z,market,USDA,56,43
2026-07-29T08:41:08.840Z,market,USDC,33,23
2026-07-29T08:41:08.840Z,market,USDCx,98,78
2026-07-29T08:41:08.840Z,market,USDCx-USDM-SUNDAE-LP-STABLESWAP,19,13
2026-07-29T08:41:08.840Z,market,USDM,46,38
2026-07-29T08:41:08.840Z,market,USDT,28,16
2026-07-29T08:41:08.840Z,market,WMT,0,0
2026-07-29T08:41:08.840Z,protocol,,592,423
2026-07-29T09:51:27.930Z,market,Ada,82,57
2026-07-29T09:51:27.930Z,market,BTC,13,10
2026-07-29T09:51:27.930Z,market,COPI,0,0
2026-07-29T09:51:27.930Z,market,DAI,1,1
2026-07-29T09:51:27.930Z,market,DJED,87,77
2026-07-29T09:51:27.930Z,market,ERG,4,4
2026-07-29T09:51:27.930Z,market,ETH,6,6
2026-07-29T09:51:27.930Z,market,IAG,6,6
2026-07-29T09:51:27.930Z,market,IUSD,47,42
2026-07-29T09:51:27.930Z,market,MIN,36,32
2026-07-29T09:51:27.930Z,market,NIGHT,11,10
2026-07-29T09:51:27.930Z,market,SHEN,8,7
2026-07-29T09:51:27.930Z,market,SNEK,11,11
2026-07-29T09:51:27.930Z,market,USDA,56,43
2026-07-29T09:51:27.930Z,market,USDC,34,23
2026-07-29T09:51:27.930Z,market,USDCx,98,78
2026-07-29T09:51:27.930Z,market,USDCx-USDM-SUNDAE-LP-STABLESWAP,19,13
2026-07-29T09:51:27.930Z,market,USDM,46,38
2026-07-29T09:51:27.930Z,market,USDT,28,16
2026-07-29T09:51:27.930Z,market,WMT,0,0
2026-07-29T09:51:27.930Z,protocol,,593,423
2026-07-29T09:52:41.219Z,market,Ada,82,57
2026-07-29T09:52:41.219Z,market,BTC,13,10
2026-07-29T09:52:41.219Z,market,COPI,0,0
2026-07-29T09:52:41.219Z,market,DAI,1,1
2026-07-29T09:52:41.219Z,market,DJED,87,77
2026-07-29T09:52:41.219Z,market,ERG,4,4
2026-07-29T09:52:41.219Z,market,ETH,6,6
2026-07-29T09:52:41.219Z,market,IAG,6,6
2026-07-29T09:52:41.219Z,market,IUSD,47,42
2026-07-29T09:52:41.219Z,market,MIN,36,32
2026-07-29T09:52:41.219Z,market,NIGHT,11,10
2026-07-29T09:52:41.219Z,market,SHEN,8,7
2026-07-29T09:52:41.219Z,market,SNEK,11,11
2026-07-29T09:52:41.219Z,market,USDA,56,43
2026-07-29T09:52:41.219Z,market,USDC,34,23
2026-07-29T09:52:41.219Z,market,USDCx,98,78
2026-07-29T09:52:41.219Z,market,USDCx-USDM-SUNDAE-LP-STABLESWAP,19,13
2026-07-29T09:52:41.219Z,market,USDM,46,38
2026-07-29T09:52:41.219Z,market,USDT,28,16
2026-07-29T09:52:41.219Z,market,WMT,0,0
2026-07-29T09:52:41.219Z,protocol,,593,423
2026-07-29T11:25:20.996Z,market,Ada,82,57
2026-07-29T11:25:20.996Z,market,BTC,13,10
2026-07-29T11:25:20.996Z,market,COPI,0,0
2026-07-29T11:25:20.996Z,market,DAI,1,1
2026-07-29T11:25:20.996Z,market,DJED,87,77
2026-07-29T11:25:20.996Z,market,ERG,4,4
2026-07-29T11:25:20.996Z,market,ETH,6,6
2026-07-29T11:25:20.996Z,market,IAG,6,6
2026-07-29T11:25:20.996Z,market,IUSD,47,42
2026-07-29T11:25:20.996Z,market,MIN,36,32
2026-07-29T11:25:20.996Z,market,NIGHT,11,10
2026-07-29T11:25:20.996Z,market,SHEN,8,7
2026-07-29T11:25:20.996Z,market,SNEK,11,11
2026-07-29T11:25:20.996Z,market,USDA,56,43
2026-07-29T11:25:20.996Z,market,USDC,34,23
2026-07-29T11:25:20.996Z,market,USDCx,98,78
2026-07-29T11:25:20.996Z,market,USDCx-USDM-SUNDAE-LP-STABLESWAP,19,13
2026-07-29T11:25:20.996Z,market,USDM,46,38
2026-07-29T11:25:20.996Z,market,USDT,28,16
2026-07-29T11:25:20.996Z,market,WMT,0,0
2026-07-29T11:25:20.996Z,protocol,,593,423
2026-07-29T12:10:54.669Z,market,Ada,82,57
2026-07-29T12:10:54.669Z,market,BTC,13,10
2026-07-29T12:10:54.669Z,market,COPI,0,0
2026-07-29T12:10:54.669Z,market,DAI,1,1
2026-07-29T12:10:54.669Z,market,DJED,87,77
2026-07-29T12:10:54.669Z,market,ERG,4,4
2026-07-29T12:10:54.669Z,market,ETH,6,6
2026-07-29T12:10:54.669Z,market,IAG,6,6
2026-07-29T12:10:54.669Z,market,IUSD,47,42
2026-07-29T12:10:54.669Z,market,MIN,36,32
2026-07-29T12:10:54.669Z,market,NIGHT,11,10
2026-07-29T12:10:54.669Z,market,SHEN,8,7
2026-07-29T12:10:54.669Z,market,SNEK,11,11
2026-07-29T12:10:54.669Z,market,USDA,56,43
2026-07-29T12:10:54.669Z,market,USDC,34,23
2026-07-29T12:10:54.669Z,market,USDCx,98,78
2026-07-29T12:10:54.669Z,market,USDCx-USDM-SUNDAE-LP-STABLESWAP,19,13
2026-07-29T12:10:54.669Z,market,USDM,46,38
2026-07-29T12:10:54.669Z,market,USDT,28,16
2026-07-29T12:10:54.669Z,market,WMT,0,0
2026-07-29T12:10:54.669Z,protocol,,593,423
